0.1219,0.1321,0.1077,0.1916,0.1159,0.1714,0.0686,0.2602,0.095,0.369,0.141,0.1621,0.1085,0.1123,0.1194,0.098,0.0713,0.1428,0.0887,0.2071,0.0681,0
0.1019,0.1383,0.1111,0.1568,0.113,0.131,0.0842,0.2615,0.094,0.3308,0.1284,0.1968,0.1109,0.1659,0.1362,0.0853,0.0652,0.1615,0.0792,0.2071,0.0776,0
0.0863,0.1688,0.08,0.1083,0.103,0.1019,0.0761,0.2394,0.0921,0.3991,0.118,0.2001,0.1354,0.2009,0.1209,0.0734,0.0642,0.1613,0.0892,0.1918,0.0655,0
0.118,0.1665,0.1082,0.1352,0.1078,0.0539,0.1004,0.5535,0.0673,0.3379,0.1231,0.1706,0.0966,0.1429,0.1212,0.1091,0.0707,0.1211,0.0979,0.2047,0.0657,0
0.1103,0.1815,0.0995,0.1497,0.1043,0.0945,0.0798,0.2073,0.0942,0.3571,0.1679,0.2001,0.1164,0.1553,0.1524,0.075,0.0708,0.1244,0.0956,0.1942,0.0731,0
0.1051,0.1644,0.104,0.0884,0.1104,0.1236,0.0673,0.6323,0.1312,0.6678,0.1676,0.2674,0.118,0.2039,0.1236,0.0927,0.069,0.1387,0.1254,0.2807,0.0834,0
0.118,0.195,0.1132,0.1444,0.1235,0.1497,0.0816,0.1977,0.0961,0.3614,0.198,0.2492,0.1194,0.1181,0.1344,0.0753,0.0829,0.146,0.0895,0.196,0.0927,0
0.1109,0.1623,0.1143,0.1497,0.1201,0.246,0.0792,0.2637,0.1085,0.4018,0.1396,0.1523,0.1064,0.1237,0.131,0.0985,0.0911,0.1618,0.0913,0.272,0.0111,0
0.1143,0.1836,0.0979,0.1293,0.1209,0.0839,0.0727,0.4962,0.0887,0.3192,0.1289,0.1793,0.114,0.2943,0.1262,0.1109,0.0932,0.1692,0.0858,0.1733,0.0805,0
0.0966,0.134,0.1235,0.1296,0.1254,0.2049,0.1037,0.2895,0.085,0.3854,0.1376,0.1894,0.1037,0.1323,0.1631,0.1251,0.0695,0.1629,0.1014,0.2251,0.0721,0
0.1246,0.2438,0.0948,0.0847,0.1096,0.1168,0.062,0.4839,0.0742,0.315,0.1175,0.1642,0.0927,0.069,0.1265,0.1466,0.0752,0.119,0.1074,0.2131,0.0671,0
0.1309,0.4092,0.0945,0.1122,0.1349,0.1338,0.0843,0.6247,0.071,0.3906,0.1307,0.2212,0.0953,0.116,0.1241,0.1598,0.0892,0.1528,0.095,0.2073,0.0961,0
0.104,0.2142,0.0861,0.1212,0.094,0.1006,0.0663,0.2019,0.0911,0.3855,0.119,0.2233,0.1235,0.1455,0.1124,0.1236,0.0845,0.1455,0.0995,0.4448,0.0739,0
0.1119,0.1166,0.1528,0.1219,0.1301,0.1024,0.0766,0.1486,0.1212,0.4467,0.1539,0.2576,0.1086,0.0917,0.1398,0.111,0.0925,0.1289,0.09,0.2997,0.0792,0
0.1146,0.1816,0.0929,0.1264,0.0901,0.0288,0.089,0.4096,0.1032,0.4233,0.1344,0.2115,0.1064,0.1025,0.1212,0.1242,0.0863,0.133,0.0919,0.1952,0.0803,0
0.0942,0.1435,0.0927,0.1445,0.1059,0.0264,0.1331,0.3883,0.0961,0.3593,0.1072,0.1838,0.108,0.1102,0.1157,0.0439,0.0948,0.155,0.0998,0.2055,0.0813,0
0.1124,0.2232,0.1241,0.165,0.0904,0.0584,0.0721,0.1827,0.0995,0.3683,0.1402,0.1769,0.104,0.094,0.1304,0.0977,0.0979,0.1282,0.1095,0.2667,0.094,0
0.0948,0.3262,0.1072,0.1239,0.1148,0.1262,0.0686,0.1309,0.0813,0.3984,0.1555,0.189,0.0832,0.1047,0.1307,0.098,0.0766,0.1209,0.0921,0.1939,0.0681,0
0.0766,0.1388,0.0797,0.1512,0.0995,0.0966,0.0708,0.6356,0.0789,0.322,0.1273,0.1814,0.1101,0.1912,0.1278,0.1506,0.1082,0.181,0.0929,0.2261,0.0671,0
0.0977,0.2589,0.0541,0.1623,0.104,0.1267,0.076,0.5138,0.0449,0.4503,0.1067,0.2323,0.0715,0.1637,0.09,0.3471,0.1035,0.1856,0.1077,0.2931,0.0882,0
0.1254,0.2705,0.1244,0.1164,0.1292,0.0959,0.0874,0.1808,0.0905,0.5672,0.1434,0.2226,0.1056,0.0692,0.154,0.1025,0.0872,0.1371,0.0934,0.2025,0.0879,0
0.1101,0.1504,0.0953,0.2104,0.0974,0.1019,0.0747,0.5054,0.0623,0.573,0.1228,0.2363,0.1117,0.1006,0.1142,0.101,0.079,0.1466,0.0961,0.3256,0.0729,0
0.0934,0.1538,0.0913,0.1729,0.1014,0.1149,0.0837,0.3207,0.0966,0.4405,0.1581,0.2869,0.1003,0.1165,0.1085,0.1136,0.0755,0.1555,0.0932,0.2079,0.0792,0
0.0787,0.2124,0.1212,0.1455,0.1029,0.1459,0.0795,0.2191,0.1048,0.3857,0.1328,0.2115,0.1148,0.1579,0.1056,0.0671,0.0784,0.1407,0.1003,0.1965,0.0845,0
0.113,0.1457,0.1378,0.1338,0.106,0.012,0.0913,0.384,0.0971,0.6028,0.1577,0.2279,0.0948,0.1324,0.1135,0.0544,0.085,0.1504,0.0832,0.196,0.0652,0
0.0821,0.219,0.118,0.1515,0.1035,0.1281,0.0842,0.6695,0.0742,0.3315,0.1193,0.204,0.113,0.1712,0.1431,0.1059,0.0945,0.1449,0.1043,0.2243,0.0737,0
0.113,0.2333,0.07,0.1342,0.1051,0.1421,0.0681,0.4681,0.0502,0.3891,0.1204,0.1954,0.1014,0.1675,0.132,0.1471,0.0937,0.2008,0.1022,0.2348,0.1014,0
0.1172,0.2076,0.1132,0.1607,0.1138,0.09,0.0671,0.2275,0.1103,0.3862,0.1439,0.1825,0.1098,0.1453,0.1302,0.1125,0.1038,0.1703,0.0937,0.1994,0.0784,0
0.1,0.1633,0.1011,0.1106,0.0964,0.0626,0.0684,0.2473,0.0834,0.3482,0.1346,0.1835,0.1067,0.0843,0.1323,0.1561,0.085,0.1428,0.1037,0.2136,0.0663,0
0.1169,1.3518,0.0792,0.141,0.1111,0.1233,0.0671,0.584,0.066,0.3619,0.1304,0.1877,0.0885,0.0669,0.1355,0.1278,0.0814,0.1315,0.094,0.2662,0.0871,0
0.109,0.2116,0.0821,0.1787,0.1101,0.164,0.0779,0.4925,0.0502,0.4013,0.1265,0.2083,0.0948,0.093,0.1069,0.1352,0.0747,0.1306,0.1027,0.2401,0.0679,0
0.1132,0.3876,0.0562,0.346,0.0824,0.0576,0.0919,0.3714,0.0826,0.3033,0.1296,0.2093,0.0993,0.1131,0.1436,0.1423,0.0935,0.1827,0.0934,0.1962,0.0805,0
0.0821,0.1295,0.095,0.1256,0.1095,0.1116,0.0663,0.3035,0.0813,0.3751,0.1159,0.3397,0.0953,0.1276,0.1222,0.0908,0.0914,0.1603,0.104,0.2187,0.0568,0
0.1059,0.1425,0.1035,0.1806,0.1032,0.1222,0.0847,0.2538,0.1064,0.3893,0.1381,0.1994,0.127,0.1241,0.1561,0.0872,0.0906,0.1463,0.0924,0.1955,0.066,0
0.1032,0.1541,0.1109,0.1349,0.1,0.1014,0.0842,0.213,0.0956,0.4354,0.1452,0.2236,0.0966,0.1059,0.1259,0.1384,0.0861,0.1542,0.094,0.2221,0.08,0
0.0668,0.181,0.1597,0.1772,0.1038,0.0816,0.1069,0.2729,0.1138,0.6535,0.1415,0.1645,0.0966,0.0721,0.1484,0.0951,0.0866,0.1389,0.095,0.1962,0.07,0
0.1077,0.2193,0.0969,0.2181,0.1003,0.1584,0.0784,0.569,0.0626,0.3894,0.1181,0.1825,0.1019,0.0774,0.1462,0.1682,0.0892,0.1602,0.0937,0.2126,0.0781,0
0.1006,0.1158,0.1396,0.1541,0.118,0.052,0.084,0.4257,0.1161,0.3539,0.146,0.2078,0.1125,0.1001,0.1666,0.0983,0.0765,0.1288,0.085,0.2108,0.0602,0
0.109,0.1232,0.0895,0.1442,0.0898,0.0581,0.0848,0.4759,0.0795,0.3198,0.1204,0.1569,0.0871,0.0824,0.123,0.1035,0.0787,0.1101,0.0956,0.1984,0.0805,0
0.0858,0.1282,0.0921,0.1336,0.1048,0.1117,0.0795,0.1906,0.1077,0.52,0.122,0.1806,0.1188,0.1606,0.1223,0.089,0.078,0.1424,0.0861,0.1979,0.0726,0
0.1217,0.185,0.1225,0.2025,0.1061,0.1478,0.0832,0.2592,0.0679,0.3499,0.1328,0.1616,0.1014,0.1134,0.1423,0.0953,0.0993,0.1632,0.0908,0.2068,0.0692,0
0.108,0.1694,0.0818,0.2344,0.1065,0.0832,0.0827,0.493,0.0969,0.4574,0.1394,0.2489,0.0847,0.1043,0.1312,0.1135,0.0811,0.1154,0.1056,0.215,0.0842,0
0.1027,0.2169,0.0919,0.1078,0.1188,0.0742,0.0811,0.246,0.1127,0.3851,0.1264,0.2296,0.1151,0.1973,0.1159,0.1226,0.0887,0.1642,0.0934,0.2068,0.0744,0
0.1032,0.1733,0.1198,0.1394,0.0977,0.1014,0.0729,0.1977,0.1124,0.4141,0.1299,0.2368,0.1394,0.1173,0.1405,0.0956,0.0951,0.1645,0.0737,0.2016,0.0774,0
0.1204,0.1388,0.1383,0.1602,0.1082,0.1096,0.1035,0.5846,0.1008,0.4144,0.1636,0.285,0.0879,0.1025,0.1164,0.0792,0.0803,0.1436,0.1022,0.2325,0.0792,0
0.1045,0.1704,0.1082,0.1425,0.1093,1.7069,0.1024,0.2328,0.0861,0.2946,0.136,0.2226,0.0953,0.0766,0.1389,0.1944,0.1117,0.2587,0.0325,0.3456,0.0792,0
0.1312,0.191,0.1209,0.1135,0.0972,0.0961,0.0919,0.1827,0.1074,0.5846,0.1579,0.2582,0.104,0.1128,0.1331,0.0613,0.0922,0.1571,0.0874,0.191,0.0855,0
0.1336,0.2663,0.1082,0.1307,0.1019,0.1008,0.0808,0.1787,0.089,0.4322,0.166,0.2658,0.0977,0.0869,0.1651,0.1321,0.069,0.1363,0.0779,0.1868,0.0676,0
0.0982,0.1208,0.1035,0.1502,0.109,0.0929,0.0842,0.2386,0.0905,0.3408,0.1581,0.1988,0.1167,0.1432,0.1426,0.0903,0.0682,0.1315,0.0895,0.191,0.0826,0
0.0987,0.1591,0.0919,0.1125,0.0882,0.0557,0.0742,0.3777,0.0623,0.32,0.1268,0.2034,0.069,0.0608,0.1107,0.1282,0.0686,0.1066,0.0966,0.2139,0.0744,0
0.0964,0.2605,0.1091,0.0898,0.0732,0.0994,0.0797,1.335,0.1175,0.5802,0.1598,0.2258,0.0993,0.1005,0.1568,0.1307,0.0745,0.1304,0.1103,0.2968,0.0824,0
0.0958,0.2942,0.1098,0.1296,0.0913,1.1157,0.08,0.35,0.0715,0.3917,0.1304,0.2864,0.0874,0.1822,0.0457,0.3598,0.0942,0.162,0.0839,0.2152,0.0605,0
0.0729,0.2045,0.1059,0.1859,0.1175,0.1413,0.0702,0.4734,0.0797,0.3598,0.118,0.1919,0.1037,0.113,0.1151,0.108,0.0816,0.122,0.0898,0.1995,0.0803,0
0.099,0.1401,0.0929,0.1404,0.1127,0.1331,0.0729,0.3175,0.1082,0.3867,0.1521,0.1703,0.1362,0.1777,0.1558,0.0747,0.0774,0.1753,0.0744,0.1783,0.1119,0
0.0905,0.2126,0.0858,0.2136,0.0937,0.1233,0.0755,0.608,0.0607,0.3128,0.1333,0.1777,0.0758,0.0695,0.1317,0.146,0.0795,0.1146,0.1045,0.2237,0.0916,0
0.0916,0.1224,0.0995,0.1352,0.0937,0.0792,0.0826,0.228,0.0821,0.3936,0.108,0.2522,0.0845,0.1514,0.1122,0.1231,0.0729,0.1478,0.0842,0.4335,0.0871,0
0.1148,0.1704,0.1069,0.1159,0.0995,0.0942,0.0739,0.2813,0.0655,0.4844,0.1563,0.1864,0.099,0.1155,0.1478,0.159,0.0898,0.155,0.1024,0.2385,0.0613,0
0.1117,0.175,0.0921,0.0979,0.0832,0.0784,0.0843,1.2092,0.0618,0.4701,0.1233,0.2551,0.0668,0.0531,0.1201,0.1458,0.0879,0.2536,0.104,0.2393,0.071,0
0.0961,0.1639,0.1056,0.1716,0.1135,0.1568,0.0966,0.2375,0.0826,0.3632,0.1608,0.2078,0.1209,0.0911,0.1476,0.0885,0.0848,0.1323,0.0779,0.1773,0.0768,0
0.0993,0.2093,0.0882,0.1051,0.0956,0.0863,0.0719,0.4139,0.0686,0.3621,0.1075,0.2015,0.1003,0.1091,0.133,0.1405,0.0974,0.161,0.0974,0.2187,0.0718,0
0.0763,0.1071,0.1185,0.189,0.0906,0.0634,0.0726,0.3631,0.1053,0.3822,0.1412,0.1982,0.1278,0.0806,0.0586,0.365,0.0924,0.1766,0.0942,0.2274,0.0386,0
0.0921,0.1261,0.138,0.1452,0.1006,0.0222,0.0908,0.1621,0.1006,0.6068,0.1412,0.184,0.1006,0.1091,0.1642,0.1761,0.1048,0.1726,0.1024,0.2137,0.0744,0
0.0774,0.137,0.0913,0.1927,0.0948,0.0787,0.0686,0.4557,0.0512,0.3645,0.0901,0.1572,0.0934,0.113,0.1331,0.1307,0.0727,0.1252,0.1119,0.2503,0.0739,0
0.0813,0.2008,0.1198,0.1961,0.1104,0.0507,0.1041,0.2928,0.104,0.4907,0.151,0.213,0.1112,0.1099,0.1415,0.1212,0.0898,0.1676,0.0742,0.2,0.0634,0
0.1064,0.1449,0.1466,0.1373,0.1178,0.0811,0.151,0.3603,0.095,0.4121,0.1549,0.1724,0.1169,0.1218,0.1428,0.1043,0.0842,0.1525,0.0995,0.2076,0.0824,0
0.1201,0.1876,0.1198,0.1531,0.1154,0.1489,0.0697,0.1753,0.0908,0.4442,0.1557,0.3593,0.1012,0.0975,0.1418,0.0872,0.0792,0.108,0.1077,0.192,0.0919,0
0.1222,0.2,0.1119,0.1721,0.1452,0.1275,0.085,0.6521,0.062,0.4587,0.1278,0.2693,0.095,0.108,0.0755,0.1376,0.0911,0.1513,0.0964,0.2414,0.0731,0
0.0842,0.1372,0.099,0.113,0.1054,0.0969,0.07,0.2056,0.1014,0.434,0.142,0.2312,0.0967,0.0798,0.1155,0.0949,0.0969,0.1373,0.0937,0.2153,0.0623,0
0.0834,0.1213,0.0942,0.1156,0.1011,0.1273,0.0937,0.4544,0.0539,0.2981,0.1072,0.236,0.0974,0.1495,0.095,0.1104,0.0839,0.1504,0.0942,0.2223,0.0528,0
0.0882,0.1591,0.1008,0.1135,0.0974,0.1009,0.0887,0.5568,0.062,0.3875,0.1103,0.1787,0.0982,0.106,0.0956,0.1355,0.0702,0.1209,0.1082,0.2105,0.071,0
0.1008,0.1527,0.0747,0.1494,0.0903,0.1027,0.0776,0.4523,0.0565,0.3501,0.1325,0.212,0.0888,0.069,0.1131,0.1158,0.0871,0.1267,0.094,0.209,0.0871,0
0.1077,0.1543,0.0956,0.1007,0.1043,0.0576,0.0795,0.2236,0.0927,0.3472,0.1426,0.1875,0.104,0.0732,0.1447,0.1154,0.079,0.0956,0.1103,0.2152,0.075,0
0.113,0.1443,0.1051,0.1524,0.1077,0.1122,0.0747,0.2027,0.0887,0.3513,0.1146,0.1706,0.108,0.093,0.1455,0.1157,0.0795,0.1494,0.0884,0.2015,0.0697,0
0.1045,0.249,0.1249,0.1453,0.1167,0.0726,0.0608,0.1835,0.1227,0.3745,0.1713,0.2558,0.1122,0.1469,0.132,0.0948,0.0842,0.1412,0.0837,0.191,0.0697,0
0.1135,0.2897,0.1494,0.0987,0.1222,0.293,0.1093,0.2761,0.1029,0.4273,0.1576,0.2371,0.0943,0.0661,0.1418,0.0932,0.089,0.1275,0.1022,0.2063,0.0697,0
0.1043,0.1734,0.1088,0.1315,0.1043,0.0993,0.0726,0.5481,0.0694,0.3403,0.1737,0.3212,0.0853,0.14,0.1133,0.1109,0.1265,0.2574,0.1259,0.3337,0.0869,0
0.1019,0.1665,0.1196,0.1363,0.117,0.109,0.089,0.1756,0.104,0.4047,0.2162,0.3057,0.0929,0.0782,0.1357,0.1183,0.0953,0.1592,0.0729,0.205,0.0726,0
0.1233,0.2797,0.0942,0.104,0.1043,0.085,0.0763,0.5808,0.0673,0.3007,0.1262,0.2186,0.1148,0.1482,0.1198,0.104,0.0927,0.136,0.1074,0.2495,0.0726,0
0.1172,0.1786,0.0816,0.1473,0.1077,0.1212,0.0853,0.3927,0.0562,0.3023,0.1235,0.3156,0.0898,0.1297,0.127,0.1632,0.085,0.1647,0.0774,0.1821,0.0684,0
0.1051,0.1444,0.1143,0.123,0.0993,0.014,0.1006,0.5566,0.0721,0.4314,0.1244,0.4421,0.0887,0.1841,0.1117,0.1025,0.0649,0.1158,0.0919,0.1937,0.0731,0
0.1035,0.2285,0.0995,0.1133,0.116,0.1022,0.0758,0.5218,0.0576,0.2886,0.1206,0.1557,0.0971,0.1175,0.1172,0.1389,0.0874,0.1589,0.081,0.2091,0.0771,0
0.0958,0.1662,0.1053,0.1259,0.0887,0.1146,0.0784,1.1851,0.0911,0.3823,0.1824,0.4376,0.1027,0.1083,0.1581,0.089,0.0882,0.1273,0.0816,0.1744,0.0594,0
0.1267,0.3127,0.0876,0.1396,0.1088,0.1074,0.0735,0.639,0.0692,0.3342,0.1304,0.198,0.0892,0.0991,0.1204,0.1273,0.089,0.1376,0.1064,0.252,0.089,0
0.1069,0.3208,0.0961,0.1172,0.1114,0.109,0.0782,0.9142,0.0908,0.5965,0.1529,0.1981,0.095,0.1083,0.1188,0.1228,0.0818,0.1599,0.0681,0.1994,0.0747,0
0.1101,0.1288,0.1283,0.1935,0.0985,0.0496,0.0893,0.374,0.1048,0.3438,0.1761,0.2616,0.0927,0.1005,0.1467,0.1003,0.0845,0.1222,0.0964,0.2032,0.0731,0
0.0781,0.1546,0.1048,0.1162,0.1006,0.1086,0.0647,0.2307,0.0829,0.3603,0.1695,0.2389,0.1014,0.0911,0.1107,0.1038,0.083,0.1506,0.0726,0.2021,0.0818,0
0.0861,0.1415,0.1444,0.142,0.1051,0.0259,0.0964,0.1782,0.1082,0.6063,0.127,0.2099,0.0863,0.0988,0.1273,0.1009,0.0853,0.1531,0.0842,0.1807,0.0842,0
0.1043,0.1599,0.1169,0.1299,0.1008,0.0942,0.0686,0.2259,0.1151,0.3892,0.1803,0.2492,0.0954,0.0896,0.1287,0.1139,0.0946,0.1337,0.0898,0.2019,0.1032,0
0.0863,0.1026,0.1183,0.1389,0.1104,0.0718,0.0946,0.2331,0.0932,1.285,0.1486,0.2661,0.0847,0.0927,0.1325,0.1159,0.0792,0.1304,0.1006,0.19,0.0824,0
0.1346,0.372,0.0892,0.1948,0.117,0.1069,0.0893,0.392,0.0911,0.5876,0.1367,0.1505,0.0905,0.0779,0.1423,0.1582,0.0824,0.141,0.0919,0.2032,0.0821,0
0.133,0.2823,0.1014,0.126,0.1172,0.1259,0.0726,0.2301,0.0869,0.4512,0.1402,0.2263,0.128,0.2128,0.1249,0.0455,0.1161,0.6547,0.1011,0.3081,0.1053,0
0.1135,0.1266,0.1241,0.1901,0.1175,0.2495,0.0721,0.2835,0.1072,0.3754,0.1523,0.2112,0.1153,0.1006,0.1386,0.1014,0.089,0.1397,0.0979,0.2113,0.075,0
0.1185,0.3572,0.0797,0.2523,0.1072,0.2125,0.0993,0.7218,0.0882,0.3532,0.1363,0.1704,0.1011,0.1094,0.1446,0.0974,0.0826,0.1388,0.0879,0.2073,0.0681,0
0.0853,0.1472,0.0934,0.1357,0.1008,0.1093,0.0898,0.241,0.0813,0.4315,0.1619,0.2144,0.0995,0.1943,0.1465,0.1587,0.0913,0.1755,0.0982,0.2279,0.0599,0
0.0966,0.1504,0.1227,0.1407,0.0922,0.0014,0.0948,0.3151,0.0995,0.3614,0.1222,0.1787,0.1161,0.1484,0.1019,0.0576,0.0832,0.1299,0.1006,0.2219,0.0792,0
0.1127,0.2026,0.1066,0.1367,0.1124,0.1246,0.1008,0.6283,0.0679,0.3269,0.1313,0.1532,0.0943,0.0851,0.1339,0.102,0.089,0.1302,0.1008,0.2113,0.0858,0
0.137,0.1383,0.0979,0.1536,0.1011,0.1112,0.066,0.2771,0.099,0.3675,0.1587,0.1801,0.0942,0.117,0.1458,0.1009,0.0948,0.1547,0.0913,0.2118,0.0805,0
0.0892,0.2739,0.0837,0.1618,0.1014,0.1186,0.0679,0.4067,0.0657,0.7268,0.1412,0.2695,0.0934,0.1133,0.1428,0.0808,0.0689,0.1314,0.0953,0.1928,0.0779,0
0.1024,0.2287,0.0795,0.1574,0.1029,0.1407,0.071,0.693,0.0816,0.8266,0.1233,0.2004,0.0861,0.0526,0.0977,0.1783,0.08,0.1486,0.1029,0.2785,0.0776,0
0.1003,0.1915,0.1214,0.1494,0.1294,0.1098,0.1017,0.2563,0.0731,0.4052,0.1528,0.2238,0.1214,0.1439,0.1251,0.0763,0.0855,0.1612,0.1027,0.2187,0.0721,0
0.0853,0.1731,0.1494,0.156,0.1083,0.0151,0.09,0.4265,0.0971,0.3558,0.1497,0.1756,0.0937,0.0869,0.1225,0.1075,0.0805,0.1504,0.0792,0.2013,0.0755,0
0.1077,0.2968,0.0774,0.1347,0.1032,0.1046,0.0795,0.6315,0.066,0.4804,0.1172,0.227,0.1006,0.1023,0.1275,0.1809,0.1022,0.2257,0.089,0.2583,0.0708,0
0.0969,0.1982,0.1135,0.1069,0.1022,0.0718,0.06,0.4207,0.0642,0.3322,0.1404,0.2463,0.0816,0.1115,0.1107,0.079,0.0903,0.1473,0.0887,0.2269,0.0739,0
0.1064,0.2573,0.0726,0.1389,0.094,0.1099,0.065,0.6065,0.0631,0.3709,0.1407,0.2896,0.0692,0.083,0.119,0.1499,0.0803,0.1415,0.0818,0.2366,0.0512,0
0.1056,0.1425,0.1209,0.1732,0.1111,0.137,0.0644,0.2863,0.0787,0.3796,0.1133,0.1629,0.0847,0.1539,0.1162,0.0462,0.0676,0.1479,0.0766,0.2018,0.0837,0
0.1045,0.173,0.0945,0.099,0.0995,0.122,0.0715,0.2211,0.0903,0.3938,0.1539,0.2336,0.1006,0.1318,0.1238,0.1085,0.0787,0.1457,0.0945,0.2081,0.0713,0
0.0982,0.1789,0.1032,0.1243,0.119,0.1465,0.0723,0.2153,0.1064,0.3492,0.1919,0.3518,0.1029,0.1041,0.1301,0.136,0.085,0.1526,0.0755,0.1812,0.0853,0
0.1095,0.1472,0.1019,0.1062,0.1109,0.1165,0.076,0.1858,0.1006,0.3408,0.1143,0.1513,0.1074,0.1218,0.1634,0.1067,0.0837,0.1534,0.1262,0.2364,0.0813,0
0.1117,0.157,0.1175,0.1445,0.1233,0.1624,0.0874,0.1835,0.0853,0.3551,0.1753,0.2112,0.1206,0.1273,0.1537,0.1017,0.0898,0.1431,0.0937,0.1955,0.0789,0
0.1225,0.4053,0.0744,0.2768,0.0964,0.1706,0.0705,0.5917,0.0584,0.4052,0.1128,0.24,0.1017,0.0983,0.122,0.2057,0.0768,0.1512,0.0924,0.2248,0.0594,0
0.1098,0.2905,0.0721,0.1352,0.109,0.1494,0.0657,0.7082,0.0723,0.7754,0.1333,0.5909,0.1095,0.1695,0.1156,0.1207,0.0934,0.1631,0.0974,0.2506,0.108,0
0.1383,0.2029,0.1164,0.1436,0.1172,0.1325,0.0869,0.1684,0.1,0.3706,0.1914,0.2482,0.1119,0.1339,0.1383,0.099,0.094,0.1684,0.0803,0.2034,0.0758,0
0.1,0.1606,0.109,0.1465,0.1032,0.0863,0.0708,0.2922,0.0884,0.4099,0.1425,0.1855,0.0913,0.075,0.1468,0.1651,0.0766,0.1252,0.1148,0.2005,0.0818,0
0.0692,0.2304,0.1175,0.15,0.0956,0.0847,0.0732,0.3313,0.0887,0.4984,0.1196,0.2833,0.0916,0.2197,0.1515,0.1222,0.0766,0.1455,0.1045,0.2224,0.0679,0
0.0979,0.2171,0.1035,0.1336,0.1101,0.1568,0.0676,0.7249,0.08,0.6005,0.1446,0.2357,0.0855,0.0803,0.1256,0.1267,0.0694,0.1359,0.0969,0.3435,0.1127,0
0.0916,0.1535,0.1177,0.1415,0.1135,0.161,0.0842,0.2365,0.1122,0.5058,0.1526,0.2009,0.1035,0.112,0.1481,0.0948,0.0811,0.1384,0.0763,0.1939,0.0631,0
0.0969,0.1446,0.1164,0.1328,0.1127,0.109,0.0808,0.1874,0.0863,0.3588,0.127,0.1877,0.1172,0.1236,0.1363,0.1038,0.1186,0.1864,0.1006,0.2132,0.0795,0
0.1196,0.5138,0.0694,0.2782,0.0937,0.4626,0.0887,0.5724,0.0549,0.2846,0.1189,0.1794,0.1008,0.1276,0.1354,0.108,0.0863,0.1346,0.1011,0.2926,0.0863,0
0.0797,0.1717,0.0797,0.1386,0.1059,0.0531,0.0906,0.3057,0.0995,0.4025,0.1268,0.1997,0.1088,0.0977,0.1181,0.1308,0.0731,0.1483,0.07,0.2132,0.0692,0
0.1072,0.3219,0.076,0.1631,0.1257,0.0898,0.0842,0.4871,0.0681,0.3828,0.1474,0.3506,0.0942,0.1067,0.133,0.1341,0.0919,0.1428,0.1032,0.229,0.0613,0
0.0642,0.1291,0.108,0.1764,0.1112,0.0175,0.1043,0.2924,0.1048,0.448,0.18,0.2318,0.0853,0.0779,0.1387,0.1107,0.0764,0.1186,0.0937,0.1802,0.0826,0
0.0927,0.2169,0.0681,0.1676,0.0969,0.1136,0.0789,0.7394,0.0594,0.4806,0.1133,0.2081,0.0665,0.1101,0.1069,0.1096,0.081,0.148,0.0787,0.2187,0.066,0
0.1241,0.2198,0.1027,0.1328,0.1072,0.1014,0.0839,0.2156,0.0977,0.5102,0.1462,0.3014,0.113,0.1614,0.1231,0.1112,0.0946,0.1455,0.0934,0.1952,0.0834,0
0.123,0.2037,0.1,0.1547,0.1029,0.1539,0.0905,1.0933,0.0892,0.7688,0.0958,0.2539,0.0871,0.1162,0.1259,0.1291,0.1008,0.1924,0.0998,0.2425,0.0784,0
0.0911,0.1512,0.1196,0.1286,0.1154,0.1082,0.0708,0.1526,0.1314,0.4614,0.1806,0.2176,0.1238,0.239,0.1132,0.1228,0.0929,0.156,0.1217,0.2166,0.0763,0
0.0993,0.1657,0.0898,0.1611,0.0776,0.0858,0.0702,0.3829,0.0647,0.5211,0.1019,0.1872,0.0969,0.1171,0.1173,0.1017,0.0803,0.1333,0.0937,0.2134,0.0628,0
0.1111,0.1285,0.1217,0.1103,0.1215,0.0972,0.0821,0.2201,0.1146,0.3625,0.1619,0.1965,0.1135,0.1358,0.1188,0.0914,0.0813,0.1288,0.1111,0.22,0.0847,0
0.1154,0.2109,0.0657,0.1433,0.0971,0.1233,0.0692,0.4151,0.085,0.6981,0.1346,0.3769,0.094,0.1997,0.1053,0.104,0.0937,0.1929,0.0942,0.2226,0.0715,0
0.0995,0.2126,0.0842,0.1383,0.0993,0.1212,0.0792,0.5209,0.0684,0.6471,0.1078,0.202,0.1022,0.1706,0.1188,0.1476,0.0697,0.1351,0.0956,0.2322,0.0816,0
0.1016,0.1559,0.1124,0.1594,0.1043,0.0744,0.078,0.1857,0.0832,0.5443,0.1362,0.1895,0.1056,0.1105,0.1434,0.089,0.0716,0.1186,0.1008,0.2263,0.0808,0
0.1172,0.176,0.1198,0.2402,0.1227,0.1644,0.0913,0.248,0.1111,0.5711,0.1178,0.1912,0.1041,0.1028,0.1299,0.093,0.0628,0.1198,0.0892,0.1912,0.0845,0
0.1056,0.2145,0.0866,0.1273,0.0966,0.1072,0.0871,0.484,0.0853,0.5749,0.1484,0.1809,0.0855,0.0494,0.1473,0.1294,0.0905,0.1599,0.0816,0.2156,0.0874,0
0.0821,0.1045,0.1106,0.1436,0.0911,0.1096,0.0671,0.4405,0.0576,0.3247,0.1225,0.231,0.0971,0.1244,0.0916,0.1038,0.0747,0.1404,0.0795,0.2082,0.0597,0
0.0898,0.1816,0.1077,0.1162,0.094,0.0988,0.0731,0.204,0.0919,0.344,0.1491,0.2109,0.113,0.1281,0.154,0.0806,0.0875,0.1701,0.0898,0.2193,0.0639,0
0.1048,0.2533,0.0969,0.1252,0.1019,0.108,0.0708,0.5336,0.0681,0.3239,0.1196,0.1318,0.0937,0.1218,0.1363,0.1186,0.0811,0.1413,0.1066,0.2155,0.0808,0
0.0903,0.1552,0.1093,0.1233,0.1178,0.1056,0.0814,0.174,0.1119,0.439,0.1663,0.2769,0.1164,0.15,0.1175,0.1255,0.0974,0.1826,0.0971,0.2007,0.0816,0
0.1183,0.6046,0.0634,0.1371,0.0927,0.1474,0.0665,1.1916,0.0681,1.1475,0.1069,0.2661,0.0911,0.1142,0.0871,0.1444,0.1169,0.2465,0.1006,0.4375,0.0826,0
0.1111,0.1416,0.1048,0.1383,0.1041,0.0024,0.0916,0.2906,0.1069,0.4469,0.1359,0.1977,0.0985,0.0592,0.1093,0.2537,0.0908,0.1737,0.0821,0.2203,0.0636,0
0.1053,0.1522,0.0739,0.122,0.0993,0.1189,0.0644,0.4721,0.0549,0.3925,0.117,0.2118,0.0805,0.1181,0.1096,0.0711,0.0768,0.1306,0.0776,0.2118,0.057,0
0.0995,0.1609,0.1201,0.1412,0.1204,0.1114,0.0919,0.2262,0.1317,0.4015,0.1629,0.1959,0.1251,0.1606,0.1294,0.1262,0.0869,0.1587,0.0768,0.1991,0.0605,0
0.099,0.2026,0.0726,0.146,0.1201,0.1119,0.0732,0.4553,0.0515,0.3406,0.1362,0.2067,0.0982,0.0658,0.1296,0.1138,0.0771,0.1325,0.0882,0.2092,0.065,0
0.0953,0.1477,0.0929,0.1389,0.0948,0.1012,0.08,0.4547,0.0586,0.2943,0.1289,0.2482,0.0874,0.0822,0.1154,0.1048,0.0774,0.1275,0.0713,0.1834,0.0713,0
0.0985,0.171,0.099,0.1159,0.0895,0.0702,0.07,0.4141,0.0774,0.3068,0.1167,0.1735,0.099,0.3281,0.1375,0.113,0.0839,0.1554,0.0863,0.191,0.0758,0
0.1077,0.1454,0.1019,0.1779,0.1074,0.1589,0.0781,0.2538,0.0958,0.715,0.1095,0.2375,0.0731,0.1022,0.1355,0.1054,0.07,0.151,0.1051,0.2457,0.0573,0
0.1206,0.1588,0.1172,0.1273,0.1046,0.0948,0.0745,0.1621,0.1082,0.3627,0.1201,0.1534,0.0876,0.1215,0.1353,0.0265,0.099,0.3535,0.1051,0.3781,0.1003,0
0.1161,0.1759,0.1138,0.1431,0.1132,0.0905,0.0702,0.1686,0.081,0.3703,0.1278,0.1753,0.0924,0.1086,0.1413,0.0795,0.0819,0.1363,0.1074,0.2189,0.0863,0
0.1085,0.1834,0.0929,0.1111,0.1008,0.0913,0.0789,0.3842,0.065,0.3179,0.1159,0.2049,0.0893,0.0838,0.1226,0.1207,0.0658,0.1064,0.0929,0.2039,0.0689,0
0.0966,0.1446,0.1233,0.1262,0.1088,0.0768,0.0967,0.2194,0.0795,0.3804,0.1647,0.3922,0.1502,0.2846,0.1233,0.0787,0.0874,0.1502,0.0979,0.2255,0.0792,0
0.1027,0.1187,0.1082,0.1515,0.0914,0.0644,0.0927,0.6888,0.0668,0.3422,0.1384,0.2034,0.0892,0.0394,0.1413,0.1146,0.083,0.1413,0.0898,0.2148,0.0694,0
0.1359,0.1686,0.1167,0.1502,0.1249,0.1598,0.0847,0.1934,0.0787,0.3814,0.1528,0.2241,0.1177,0.1384,0.1412,0.1064,0.0832,0.1592,0.0797,0.1865,0.07,0
0.1066,0.1158,0.1351,0.1394,0.0985,0.0116,0.0597,0.2178,0.1243,0.464,0.1399,0.1911,0.1095,0.1328,0.1463,0.1278,0.0822,0.14,0.0789,0.2055,0.0731,0
0.1146,0.2433,0.1101,0.1305,0.1125,0.0863,0.0814,0.1658,0.0932,0.3199,0.1378,0.175,0.1022,0.1001,0.1315,0.0959,0.0705,0.1154,0.0964,0.1937,0.0689,0
0.1164,0.1665,0.1117,0.1439,0.0808,0.0486,0.0821,0.4996,0.0605,0.5071,0.1064,0.1669,0.0858,0.136,0.1402,0.1093,0.0824,0.1344,0.0958,0.2049,0.0792,0
0.1219,0.1986,0.0919,0.1864,0.0869,0.0436,0.0737,0.4635,0.0478,0.3735,0.1265,0.2696,0.0942,0.1289,0.1019,0.1196,0.0752,0.1348,0.1027,0.2533,0.0533,0
0.065,0.1483,0.1143,0.1273,0.0898,0.0912,0.0694,0.2024,0.0834,0.4463,0.1524,0.2617,0.0729,0.1012,0.1259,0.1341,0.0884,0.1362,0.0737,0.1784,0.08,0
0.1304,0.1757,0.1407,0.1135,0.1053,0.7766,0.1264,0.2874,0.1214,0.7793,0.1367,0.3294,0.0792,0.0804,0.1186,0.0993,0.0714,0.1163,0.0987,0.1918,0.0905,0
0.0961,0.1422,0.1425,0.1185,0.1143,0.0401,0.0769,0.2178,0.1206,0.6621,0.1389,0.1875,0.0995,0.1007,0.1222,0.075,0.0874,0.1552,0.0763,0.1778,0.0818,0
0.0956,0.1388,0.0919,0.1474,0.0827,0.0795,0.0626,0.2439,0.0795,0.3551,0.1394,0.202,0.0834,0.0803,0.1357,0.1899,0.0768,0.1346,0.081,0.221,0.081,0
0.1032,0.2976,0.0845,0.1682,0.0855,0.1291,0.0884,0.8193,0.0489,0.7979,0.0877,0.2445,0.0803,0.1028,0.0924,0.1315,0.081,0.1852,0.0927,0.299,0.0697,0
0.1299,0.1895,0.1185,0.1602,0.1346,0.1531,0.0919,0.1724,0.0971,0.3872,0.1666,0.2202,0.1038,0.1025,0.1205,0.0756,0.0922,0.1307,0.1,0.1952,0.0847,0
0.0784,0.1279,0.0945,0.1299,0.1043,0.1096,0.0708,0.2136,0.1,0.4318,0.1621,0.2542,0.1077,0.14,0.1376,0.1104,0.0919,0.1616,0.1074,0.4168,0.0671,0
0.1185,0.1947,0.0895,0.1452,0.1096,0.0861,0.0718,0.4753,0.0726,0.4152,0.1431,0.3878,0.0723,0.093,0.0861,0.1313,0.0766,0.1418,0.0921,0.1947,0.0861,0
0.1077,0.1657,0.1,0.1863,0.1127,0.1209,0.0824,0.193,0.0979,0.3363,0.1481,0.1919,0.1185,0.1999,0.1236,0.0943,0.0671,0.1304,0.0869,0.1776,0.0792,0
0.0913,0.1229,0.1056,0.1785,0.0819,0.0803,0.0755,0.4394,0.0876,0.4052,0.1141,0.1648,0.0876,0.0946,0.1122,0.0652,0.1286,0.3236,0.1127,0.2746,0.0721,0
0.1198,0.2161,0.1016,0.18,0.1156,0.1199,0.095,0.5378,0.061,0.3068,0.1297,0.2261,0.1032,0.1336,0.1397,0.1265,0.0864,0.1447,0.1022,0.2375,0.0589,0
0.1246,0.214,0.113,0.1497,0.1246,0.0829,0.0879,0.251,0.118,0.4292,0.1383,0.2215,0.0985,0.0729,0.1349,0.1096,0.0805,0.119,0.095,0.2221,0.0763,0
0.1061,0.1401,0.1135,0.1449,0.0948,0.0832,0.0736,0.2971,0.0547,0.4807,0.1273,0.2123,0.1009,0.0972,0.1318,0.1364,0.0797,0.2734,0.0805,0.3002,0.0784,0
0.1328,0.2821,0.0874,0.1392,0.1098,0.1597,0.0789,0.4681,0.0615,0.3524,0.1181,0.1725,0.1003,0.0877,0.1175,0.1392,0.0832,0.1484,0.109,0.2147,0.0866,0
0.1143,0.2282,0.0805,0.1056,0.1088,0.136,0.0818,0.5462,0.0647,0.4827,0.1276,0.1712,0.0879,0.1033,0.1349,0.1294,0.1014,0.2004,0.109,0.2316,0.0792,0
0.0837,0.1617,0.0956,0.1022,0.108,0.0613,0.08,0.2009,0.1225,0.3392,0.127,0.1669,0.0943,0.0798,0.1577,0.1413,0.0809,0.2266,0.0913,0.2287,0.0797,0
0.1138,0.157,0.1016,0.1483,0.099,0.1038,0.0737,0.2125,0.1151,0.3907,0.185,0.374,0.0826,0.2128,0.1476,0.1333,0.0798,0.1569,0.075,0.2024,0.0647,0
0.0942,0.248,0.0784,0.1249,0.1032,0.1209,0.0715,0.2536,0.076,0.3753,0.108,0.1666,0.1222,0.1265,0.113,0.1532,0.0805,0.1396,0.0874,0.2108,0.0681,0
0.0998,0.2984,0.0673,0.1257,0.0934,0.1652,0.0681,0.6027,0.0821,0.882,0.1001,0.2231,0.0766,0.2086,0.0876,0.1481,0.07,0.8577,0.0895,0.324,0.0747,0
0.1048,0.2528,0.1053,0.1486,0.1138,0.1526,0.0763,0.3745,0.0869,0.3678,0.1784,0.3114,0.1027,0.0898,0.1347,0.1244,0.0821,0.108,0.0993,0.196,0.0845,0
0.104,0.2332,0.0966,0.2188,0.1019,0.0966,0.0755,0.4887,0.0887,0.3976,0.1338,0.1922,0.0861,0.0949,0.1233,0.1263,0.0808,0.1241,0.0911,0.2008,0.085,0
0.1283,0.2343,0.1022,0.1323,0.1167,0.1223,0.075,0.2302,0.1035,0.3329,0.1457,0.2067,0.1029,0.107,0.1346,0.1159,0.0966,0.1372,0.0921,0.1912,0.0715,0
0.108,0.1428,0.0903,0.1592,0.0962,0.0407,0.0674,0.5825,0.0898,0.3459,0.1326,0.2041,0.1119,0.1553,0.135,0.0901,0.0864,0.1376,0.0953,0.2095,0.0689,0
0.1201,0.1559,0.0824,0.094,0.0991,0.0853,0.0935,0.2972,0.0715,0.3843,0.1415,0.1793,0.0752,0.5144,0.0895,0.1228,0.0876,0.1639,0.1045,0.3229,0.0705,0
0.0774,0.3233,0.1101,0.1547,0.1222,0.2025,0.0689,0.4003,0.0934,0.3384,0.1434,0.201,0.099,0.1155,0.1344,0.0803,0.0945,0.1328,0.1227,0.2274,0.0876,0
0.1423,0.2726,0.1027,0.5822,0.118,0.2436,0.0755,0.2315,0.1172,0.4134,0.16,0.2975,0.0971,0.0787,0.132,0.141,0.0755,0.1359,0.0874,0.1892,0.0689,0
0.0882,0.1984,0.1386,0.0789,0.1093,0.1204,0.065,0.2033,0.1109,0.5712,0.1502,0.1785,0.0958,0.0874,0.1252,0.1104,0.0779,0.1262,0.0982,0.192,0.0779,0
0.1101,0.2222,0.1103,0.1518,0.1014,0.1123,0.0853,0.4613,0.0715,0.3571,0.1542,0.2553,0.0726,0.0608,0.1239,0.1046,0.1091,0.1877,0.099,0.234,0.0715,0
0.108,0.1438,0.0855,0.1045,0.1008,0.9062,0.0763,0.2016,0.0647,0.3162,0.1312,0.3555,0.1101,0.13,0.1325,0.1291,0.0826,0.1293,0.1122,0.2192,0.0734,0
0.0876,0.2126,0.108,0.1094,0.0893,0.0792,0.0737,0.2687,0.0884,0.3423,0.166,0.2312,0.0956,0.102,0.1136,0.0988,0.08,0.1067,0.1074,0.2205,0.08,0
0.0839,0.1862,0.1122,0.0971,0.1083,0.1379,0.1024,0.2956,0.0729,0.4857,0.1394,0.5426,0.1059,0.1014,0.1141,0.1538,0.0721,0.1257,0.0829,0.2013,0.0747,0
0.1124,0.2778,0.128,0.1579,0.1294,0.1051,0.0993,0.1977,0.0995,0.4022,0.1605,0.2563,0.118,0.1157,0.1428,0.1056,0.0792,0.1164,0.1032,0.2226,0.0882,0
0.0803,0.1583,0.1587,0.1386,0.079,0.4266,0.1238,0.3394,0.1235,0.6205,0.1608,0.1888,0.0885,0.0706,0.1415,0.1461,0.0824,0.1547,0.0932,0.1952,0.0937,0
0.0895,0.2198,0.1225,0.1265,0.1075,0.1056,0.0975,0.2345,0.0948,0.3382,0.1545,0.1994,0.1109,0.1363,0.1428,0.0589,0.0916,0.161,0.0839,0.1973,0.0584,0
0.1209,0.1628,0.062,0.1359,0.1095,0.1109,0.0784,0.517,0.062,0.3208,0.1239,0.2005,0.0935,0.0922,0.1237,0.1094,0.0896,0.1487,0.0684,0.4003,0.0813,0
0.0859,0.5318,0.1246,0.1808,0.1244,0.1233,0.0763,0.1837,0.114,0.3629,0.1421,0.1883,0.1265,0.121,0.1631,0.0808,0.081,0.1312,0.081,0.2012,0.0715,0
0.0932,0.1478,0.1164,0.1273,0.1117,0.0842,0.1091,0.2323,0.0768,0.4455,0.1362,0.2397,0.1183,0.2503,0.1313,0.1178,0.0911,0.1697,0.0813,0.1828,0.0871,0
0.1053,0.1688,0.1029,0.1375,0.0969,0.0288,0.0826,0.5293,0.0605,0.2841,0.1146,0.1613,0.0916,0.0766,0.1257,0.1078,0.0895,0.1235,0.085,0.1986,0.0763,0
0.1235,0.2968,0.0694,0.4035,0.1011,0.2072,0.0871,0.5492,0.0615,0.3326,0.1318,0.187,0.0937,0.1012,0.1389,0.1241,0.1075,0.1885,0.1069,0.2387,0.1029,0
0.065,0.1752,0.1204,0.1529,0.0921,0.1428,0.0903,0.2795,0.108,0.3746,0.1615,0.2156,0.1167,0.1004,0.1658,0.1091,0.0832,0.1389,0.0855,0.1978,0.0631,0
0.1056,0.1565,0.1367,0.1444,0.1227,0.1124,0.0898,0.2294,0.1088,0.5213,0.1569,0.186,0.1148,0.1233,0.1515,0.0879,0.0813,0.1341,0.1103,0.2121,0.0774,0
0.1188,0.1902,0.0974,0.1819,0.1032,0.0792,0.0747,0.4779,0.0832,0.3992,0.1442,0.2793,0.1022,0.2071,0.1106,0.1313,0.085,0.1568,0.0982,0.258,0.0642,0
0.1066,0.2031,0.1011,0.1244,0.1164,0.1679,0.0837,0.294,0.1029,0.3526,0.1597,0.2273,0.1109,0.1318,0.1399,0.0858,0.0816,0.1362,0.0792,0.1736,0.0985,0
0.0663,0.242,0.0942,0.1188,0.1043,0.0921,0.074,0.2247,0.0964,0.5144,0.1368,0.2134,0.1301,0.2962,0.1098,0.1223,0.0927,0.1434,0.0921,0.2158,0.0655,0
0.1124,0.1664,0.1264,0.1483,0.1115,0.0444,0.0859,0.231,0.0998,0.4955,0.151,0.1909,0.1009,0.0943,0.1262,0.1833,0.0903,0.1713,0.0948,0.1958,0.0684,0
0.0956,0.1243,0.1233,0.1566,0.0972,0.0465,0.0755,0.2077,0.1256,0.6237,0.1462,0.2159,0.1246,0.2149,0.1075,0.1035,0.079,0.1547,0.0837,0.1857,0.0747,0
0.0834,0.1089,0.1119,0.1568,0.0827,0.0486,0.0711,0.439,0.0752,0.3516,0.1127,0.1985,0.1003,0.1102,0.1388,0.1539,0.0948,0.1426,0.0987,0.2142,0.0694,0
0.0919,0.3338,0.0934,0.1591,0.0996,0.0605,0.0975,0.5329,0.0589,0.3735,0.1091,0.2134,0.0892,0.1331,0.1278,0.1609,0.08,0.1816,0.0446,0.4314,0.0715,0
0.1154,0.2167,0.0837,0.1637,0.0985,0.1307,0.0858,0.4349,0.0647,0.6612,0.1317,0.1951,0.0824,0.1065,0.1206,0.1193,0.0816,0.141,0.0927,0.2356,0.0847,0
0.1225,0.1734,0.0829,0.1975,0.0937,0.1275,0.08,0.4357,0.0657,0.4112,0.1357,0.2927,0.0861,0.0983,0.1466,0.0988,0.0809,0.1384,0.0842,0.197,0.0692,0
0.1093,0.1554,0.1288,0.2091,0.1246,0.1774,0.0869,0.2233,0.1095,0.3611,0.1447,0.1587,0.0942,0.1091,0.1238,0.0932,0.0716,0.118,0.0919,0.1905,0.0784,0
0.0671,0.1248,0.1024,0.1304,0.0927,0.0916,0.0639,0.3945,0.0549,0.3078,0.1037,0.19,0.0904,0.0801,0.1543,0.1345,0.0515,0.127,0.0834,0.2224,0.0591,0
0.119,0.2427,0.051,0.1402,0.1003,0.2317,0.0787,0.7648,0.0824,0.5939,0.1402,0.2321,0.0958,0.1072,0.1135,0.1365,0.0826,0.143,0.0905,0.2186,0.0787,0
0.1344,0.171,0.1111,0.1439,0.1351,0.1478,0.0755,0.2399,0.0927,0.3673,0.1341,0.3769,0.0974,0.1582,0.119,0.1233,0.0715,0.1512,0.0887,0.2079,0.0737,0
0.1106,0.1282,0.0871,0.1674,0.0977,0.1083,0.0607,0.4811,0.047,0.3366,0.121,0.2398,0.1022,0.0877,0.1155,0.1115,0.0864,0.1503,0.0853,0.3604,0.0623,0
0.1161,0.1261,0.1098,0.146,0.103,0.0882,0.0834,0.2304,0.0937,0.4092,0.1906,0.2476,0.118,0.1043,0.1564,0.1334,0.1046,0.2189,0.0763,0.3805,0.08,0
0.1357,0.3343,0.1066,0.189,0.1098,0.1299,0.0676,0.2557,0.095,0.3878,0.136,0.1371,0.1154,0.1232,0.1344,0.0829,0.0785,0.1429,0.0892,0.1923,0.0911,0
0.1409,0.5599,0.1417,0.1388,0.1249,0.0668,0.0761,0.2191,0.1185,0.5846,0.1394,0.2044,0.0985,0.0753,0.1371,0.1207,0.0758,0.1251,0.0871,0.1912,0.0863,0
0.1156,0.2076,0.0626,0.146,0.0998,0.5194,0.0919,0.5426,0.0911,0.5148,0.1067,0.2025,0.1003,0.0766,0.1228,0.1405,0.089,0.1513,0.1082,0.2406,0.0652,0
0.0602,0.257,0.1029,0.147,0.122,0.1151,0.0697,0.2658,0.1027,0.3672,0.1438,0.1876,0.0993,0.1305,0.1425,0.1518,0.0979,0.1858,0.1027,0.2306,0.0752,0
0.0969,0.1678,0.1301,0.1668,0.0813,0.062,0.0689,0.5861,0.104,0.6081,0.0557,0.5114,0.1043,0.1092,0.1275,0.1365,0.0874,0.1494,0.0858,0.1855,0.0705,0
0.1024,0.2026,0.1029,0.1053,0.0969,0.0792,0.0784,0.7347,0.0578,0.3213,0.1154,0.1653,0.099,0.0658,0.1354,0.1196,0.081,0.1018,0.1014,0.204,0.0634,0
0.1043,0.2407,0.1312,0.1119,0.1117,0.0689,0.0885,0.3015,0.0663,0.491,0.1376,0.2081,0.1077,0.0246,0.0927,0.363,0.0961,0.1821,0.0948,0.2171,0.0845,0
0.1196,0.1628,0.1169,0.1317,0.1006,0.103,0.0779,0.218,0.1088,0.519,0.0956,0.2996,0.1066,0.2239,0.1357,0.1429,0.0863,0.171,0.0911,0.2,0.0705,0
0.1201,0.1802,0.1011,0.156,0.1117,0.056,0.1059,0.4801,0.0734,0.2923,0.1267,0.1705,0.0864,0.0674,0.1376,0.1315,0.0732,0.1101,0.0758,0.2348,0.0673,0
0.0847,0.1443,0.1249,0.1463,0.0885,0.0225,0.0988,0.5543,0.0808,0.3255,0.1241,0.1561,0.0927,0.0965,0.1243,0.1093,0.0845,0.1164,0.0956,0.2026,0.075,0
0.0721,0.1726,0.09,0.1444,0.0758,0.117,0.07,0.2117,0.1219,0.4033,0.185,0.2059,0.1072,0.1595,0.1056,0.0755,0.074,0.1476,0.0948,0.2069,0.0647,0
0.1172,0.1981,0.1046,0.0956,0.1057,0.1046,0.0711,0.2059,0.1069,0.3511,0.1431,0.1608,0.1008,0.075,0.135,0.0843,0.0819,0.1323,0.0898,0.1884,0.0787,0
0.1222,0.1551,0.0998,0.1278,0.1111,0.0752,0.0755,0.1879,0.1154,0.372,0.1648,0.2298,0.1096,0.1014,0.1271,0.0883,0.084,0.1326,0.0916,0.2034,0.0655,0
0.1241,0.1467,0.1317,0.1552,0.1247,0.0758,0.0893,0.1579,0.1098,0.3411,0.1413,0.1743,0.1283,0.2379,0.1397,0.0911,0.0893,0.1629,0.0908,0.1894,0.0737,0
0.089,0.3035,0.1099,0.1085,0.1236,0.1025,0.0718,0.2478,0.0929,0.5656,0.1201,0.2249,0.0966,0.1038,0.131,0.1138,0.0993,0.1534,0.1037,0.2094,0.0866,0
0.1043,0.2135,0.0995,0.1338,0.1016,0.0681,0.0871,0.5125,0.065,0.3945,0.1101,0.6379,0.0961,0.1318,0.109,0.1191,0.0824,0.1397,0.0766,0.1868,0.0671,0
0.0945,0.1736,0.1169,0.208,0.1053,0.1373,0.0787,0.2109,0.0934,0.3373,0.1624,0.2358,0.1043,0.1065,0.1542,0.1212,0.0845,0.1304,0.0832,0.1781,0.0797,0
0.1386,0.2277,0.1193,0.1291,0.098,0.0808,0.0858,0.2148,0.1103,0.3714,0.1136,0.2284,0.1473,0.2313,0.1634,0.1236,0.0744,0.1504,0.0937,0.1802,0.1019,0
0.0985,0.1512,0.0985,0.1355,0.09,0.0974,0.0401,0.2599,0.066,0.3622,0.1094,0.1654,0.0943,0.0819,0.1305,0.1202,0.075,0.1201,0.0797,0.1881,0.0779,0
0.1169,0.2364,0.08,0.1885,0.1024,0.1418,0.0568,1.0714,0.062,0.6128,0.0975,0.2126,0.0821,0.1091,0.1235,0.131,0.0808,0.1584,0.0961,0.2823,0.0908,0
0.089,0.1414,0.0715,0.1222,0.0995,0.1476,0.0731,0.3908,0.0573,0.6558,0.0753,0.5461,0.085,0.116,0.102,0.0885,0.0838,0.14,0.0821,0.2113,0.0797,0
0.0993,0.2665,0.1193,0.1365,0.117,0.1135,0.0864,0.2107,0.1114,0.6044,0.1463,0.2136,0.0958,0.1054,0.1148,0.1278,0.1011,0.1863,0.1082,0.4931,0.0763,0
0.0982,0.1797,0.0882,0.1397,0.0979,0.1249,0.0924,0.7769,0.0473,0.5353,0.1154,0.2429,0.0768,0.102,0.0792,0.1101,0.0869,0.1584,0.094,0.2918,0.062,0
0.1011,0.1177,0.1209,0.155,0.1111,0.2096,0.0829,0.2109,0.1088,0.3918,0.1396,0.171,0.1103,0.1115,0.1357,0.123,0.0692,0.1341,0.0929,0.2105,0.0818,0
0.1069,0.1179,0.1085,0.1526,0.1225,0.1394,0.0784,0.1853,0.1003,0.3553,0.1399,0.2452,0.1077,0.1178,0.127,0.1027,0.0753,0.1363,0.118,0.2187,0.0913,0
0.1254,0.3151,0.0839,0.1388,0.1317,0.1557,0.0795,0.5278,0.0708,0.3718,0.1156,0.1613,0.0974,0.0986,0.1196,0.1236,0.0869,0.1399,0.1006,0.2232,0.0824,0
0.0905,0.1158,0.1364,0.0934,0.0995,0.108,0.0803,0.3299,0.1217,0.4202,0.1542,0.1627,0.1183,0.0975,0.1183,0.0967,0.0937,0.1916,0.094,0.2235,0.0953,0
0.0953,0.1609,0.0911,0.1603,0.0974,0.1072,0.0789,0.2932,0.0824,1.332,0.0995,0.1964,0.0898,0.1147,0.1444,0.1236,0.0821,0.1504,0.0808,0.1923,0.065,0
0.094,0.1567,0.1365,0.1848,0.1175,0.1452,0.0895,0.2088,0.0937,0.3239,0.1494,0.1827,0.1077,0.1273,0.1478,0.1035,0.0726,0.4067,0.1059,0.2633,0.0929,0
0.104,0.1338,0.1014,0.1315,0.1109,0.0964,0.0895,0.5318,0.0613,0.3596,0.1106,0.203,0.0961,0.0795,0.1064,0.1511,0.0673,0.1143,0.1027,0.2161,0.0544,0
0.071,0.1702,0.0958,0.1629,0.1043,0.136,0.038,0.4243,0.0924,0.354,0.1283,0.1695,0.1077,0.1112,0.1381,0.0692,0.098,0.1423,0.1146,0.2272,0.0789,0
0.0982,0.1815,0.1275,0.1238,0.1051,0.0531,0.0869,0.2439,0.104,0.4767,0.1082,0.2705,0.1143,0.1817,0.1209,0.1497,0.0824,0.1486,0.0832,0.1794,0.0861,0
0.1148,0.1182,0.1299,0.1687,0.1075,0.0462,0.0893,0.2339,0.1259,0.3656,0.1513,0.1669,0.104,0.0732,0.1581,0.1555,0.0766,0.1331,0.0744,0.1838,0.081,0
0.1217,0.1459,0.1124,0.1784,0.1168,0.1088,0.0838,0.1416,0.1048,0.3637,0.1394,0.159,0.1046,0.102,0.1223,0.0893,0.0758,0.1249,0.0916,0.1883,0.0679,0
0.1185,0.2118,0.1346,0.137,0.1146,0.1571,0.0832,0.1708,0.1101,0.4008,0.1658,0.235,0.1227,0.1373,0.1391,0.0705,0.1059,0.1853,0.1008,0.2527,0.0797,0
0.1016,0.1453,0.133,0.1433,0.1169,0.0636,0.0916,0.1829,0.1037,0.4822,0.1571,0.2479,0.0766,0.0888,0.1178,0.0832,0.089,0.1394,0.0816,0.2124,0.0979,0
0.0913,0.1627,0.1396,0.1415,0.1016,0.0454,0.0594,0.3051,0.0884,0.5295,0.1444,0.1582,0.1016,0.1503,0.1392,0.1178,0.0845,0.1449,0.0948,0.1894,0.0737,0
0.1101,0.1375,0.109,0.1674,0.1188,0.1035,0.0747,0.2148,0.1106,0.4392,0.1742,0.2859,0.0877,0.074,0.15,0.1028,0.0729,0.1164,0.0969,0.191,0.0779,0
0.0808,0.147,0.0998,0.1492,0.0842,0.0528,0.0855,0.2531,0.0686,0.5094,0.1481,0.1964,0.1117,0.1469,0.1429,0.1009,0.0914,0.1508,0.0977,0.1976,0.075,0
0.1048,0.1462,0.0816,0.1072,0.0934,0.0839,0.066,0.4431,0.0673,0.3107,0.1273,0.2506,0.0922,0.0492,0.117,0.1466,0.0824,0.1204,0.0956,0.1976,0.0715,0
0.1051,0.1834,0.1188,0.1698,0.123,0.1069,0.0869,0.2054,0.0919,0.3715,0.202,0.329,0.1045,0.0816,0.1102,0.0967,0.0954,0.1614,0.0842,0.1918,0.0776,0
0.1151,0.1298,0.1209,0.1645,0.1072,0.2228,0.0721,0.3122,0.1011,0.3548,0.1083,0.1711,0.0995,0.122,0.1138,0.0734,0.07,0.1365,0.0837,0.1947,0.071,0
0.1037,0.3008,0.0948,0.1935,0.1077,0.0982,0.0898,0.5149,0.0744,0.4047,0.1088,0.1793,0.1072,0.1173,0.1439,0.1286,0.0808,0.1307,0.0813,0.2031,0.0884,0
0.1217,0.3441,0.0987,0.1468,0.1133,0.1056,0.0785,0.1846,0.1019,0.3398,0.1344,0.1759,0.1035,0.1382,0.1336,0.0996,0.0808,0.1357,0.0832,0.1776,0.0715,0
0.1027,0.1678,0.1423,0.1748,0.1325,0.1769,0.0892,0.1723,0.1109,0.3739,0.1447,0.1666,0.1188,0.1424,0.179,0.1143,0.0978,0.1648,0.0956,0.2216,0.0839,0
0.1106,0.1921,0.1159,0.1407,0.1152,0.0985,0.0827,0.2782,0.1085,0.4023,0.132,0.1943,0.099,0.1007,0.154,0.1083,0.0925,0.1429,0.109,0.2216,0.0808,0
0.0689,0.1076,0.076,0.1386,0.1029,0.1586,0.0737,0.4537,0.0642,0.3103,0.0993,0.2168,0.0914,0.0901,0.1102,0.1057,0.0726,0.1344,0.061,0.2095,0.0642,0
0.1365,0.1378,0.1338,0.1494,0.1141,0.0871,0.1239,0.292,0.1059,0.3554,0.1275,0.1679,0.1272,0.2075,0.141,0.1212,0.0602,0.1309,0.0961,0.2079,0.0779,0
0.099,0.1398,0.1278,0.0927,0.0998,0.0705,0.0729,0.4558,0.0792,0.3194,0.1341,0.1866,0.0845,0.0558,0.1249,0.1305,0.0702,0.1312,0.0731,0.1859,0.0676,0
0.1219,0.2308,0.08,0.1141,0.0911,0.09,0.0734,0.4151,0.0731,0.3766,0.1162,0.2334,0.1035,0.1292,0.1227,0.1961,0.0813,0.1549,0.0942,0.2382,0.0613,0
0.1119,0.172,0.1127,0.118,0.1017,0.0974,0.0753,0.3281,0.08,0.3342,0.1313,0.1994,0.0956,0.0872,0.1283,0.1093,0.0695,0.1188,0.099,0.2155,0.0787,0
0.1288,0.1989,0.1486,0.1529,0.1207,0.1138,0.0908,0.213,0.1272,0.5849,0.1449,0.1808,0.0951,0.0835,0.1413,0.0803,0.0983,0.1469,0.0966,0.2065,0.0726,0
0.1043,0.4288,0.0694,0.299,0.0969,0.0824,0.0729,0.5674,0.0665,0.3391,0.1323,0.2036,0.0911,0.0888,0.1254,0.1064,0.085,0.128,0.1008,0.2173,0.07,0
0.1014,0.1536,0.0995,0.1045,0.0992,0.081,0.0747,0.2262,0.0803,0.3374,0.1336,0.174,0.093,0.0661,0.1463,0.1199,0.0869,0.1077,0.1008,0.2034,0.0958,0
0.132,0.2467,0.0766,0.1326,0.119,0.1322,0.0861,0.5328,0.0613,0.3232,0.1357,0.2719,0.0945,0.1046,0.1254,0.099,0.0737,0.1357,0.085,0.2208,0.0713,0
0.0768,0.1572,0.0993,0.1885,0.1085,0.0934,0.0843,1.1238,0.0729,0.4696,0.1,0.5568,0.0954,0.0777,0.116,0.1343,0.0721,0.1368,0.0869,0.219,0.0628,0
0.0715,0.2192,0.1114,0.1357,0.1233,0.132,0.0905,0.2425,0.1053,0.3896,0.1555,0.288,0.1098,0.1223,0.1091,0.1001,0.0859,0.1474,0.119,0.6121,0.0528,0
0.0855,0.1643,0.1172,0.1257,0.1124,0.1465,0.0734,0.237,0.1061,0.4894,0.1438,0.298,0.1024,0.1152,0.1642,0.123,0.0919,0.1777,0.0813,0.2234,0.0879,0
0.114,0.1849,0.1212,0.0995,0.1062,0.1105,0.0961,0.2829,0.1138,0.624,0.1507,0.2254,0.0993,0.1034,0.1542,0.1178,0.0906,0.1468,0.1138,0.2343,0.0832,0
0.0993,0.1568,0.0818,0.1212,0.0917,0.0832,0.0795,0.5102,0.0481,0.4491,0.1017,0.1743,0.0872,0.0748,0.1086,0.1514,0.0808,0.1565,0.0861,0.2158,0.0713,0
0.1048,0.1636,0.1029,0.133,0.1095,0.1296,0.0758,0.3059,0.0795,0.3611,0.1191,0.2975,0.1264,0.2534,0.1209,0.1439,0.0839,0.1602,0.1135,0.2211,0.075,0
0.1006,0.1615,0.0855,0.0966,0.109,0.1162,0.0752,0.1932,0.0921,0.3297,0.1344,0.1745,0.0919,0.1105,0.1256,0.128,0.1053,0.1589,0.0961,0.2084,0.0689,0
0.1106,0.1425,0.1051,0.1247,0.1202,0.1093,0.0811,0.2123,0.0668,0.3756,0.1684,0.332,0.1151,0.1859,0.1426,0.1299,0.0864,0.1677,0.0932,0.1944,0.0861,0
0.1119,0.3192,0.0953,0.1149,0.0919,0.0908,0.0687,0.2125,0.1032,0.5698,0.1275,0.1893,0.0772,0.0384,0.1191,0.1614,0.0747,0.1254,0.1103,0.2297,0.0715,0
0.1219,0.1553,0.1053,0.1235,0.1117,0.0945,0.0874,0.1637,0.0908,0.3469,0.1671,0.1917,0.1111,0.0758,0.1491,0.1056,0.0948,0.1721,0.0971,0.2126,0.0734,0
0.0636,0.1514,0.095,0.1225,0.1022,0.1102,0.0774,0.4133,0.061,0.3535,0.1338,0.2193,0.081,0.1191,0.1378,0.1043,0.0745,0.1344,0.0797,0.1952,0.0652,0
0.1003,0.1633,0.1188,0.1645,0.1127,0.104,0.0974,0.1977,0.1082,0.326,0.1336,0.1848,0.1051,0.1202,0.1512,0.0974,0.0921,0.1264,0.1008,0.2063,0.0853,0
0.1114,0.1921,0.0863,0.0913,0.0845,0.1194,0.0684,0.4241,0.0752,0.3875,0.1378,0.2787,0.0605,0.077,0.108,0.1223,0.0866,0.1212,0.0861,0.191,0.0755,0
0.1027,0.4225,0.0858,0.1175,0.1048,0.1632,0.0942,0.9423,0.0832,0.8868,0.1008,0.1916,0.0879,0.1189,0.1138,0.1368,0.0824,0.1639,0.0932,0.3406,0.0813,0
0.0763,0.3364,0.1284,0.0869,0.1268,0.149,0.0829,0.1834,0.1164,0.5767,0.1346,0.2019,0.0787,0.0613,0.1418,0.112,0.0919,0.1629,0.0863,0.2047,0.0755,0
0.0847,0.3166,0.0642,0.1165,0.1019,0.1257,0.071,0.5011,0.0562,0.3685,0.1083,0.2033,0.0906,0.0687,0.1162,0.1477,0.0681,0.1243,0.1064,0.2322,0.0507,0
0.1164,0.2079,0.0985,0.1302,0.1091,0.108,0.0848,0.3088,0.1048,0.4641,0.2157,0.3754,0.081,0.1112,0.1186,0.1091,0.0827,0.122,0.0934,0.4767,0.0655,0
0.1,0.1385,0.1032,0.1217,0.1259,0.1278,0.0694,0.1744,0.0755,0.3189,0.1281,0.182,0.0943,0.093,0.1503,0.1207,0.116,0.1962,0.0895,0.1921,0.0768,0
0.1085,0.1802,0.0908,0.1655,0.1085,0.113,0.0697,0.4647,0.0573,0.4455,0.1243,0.2288,0.0993,0.1005,0.1235,0.1489,0.0908,0.1657,0.1059,0.4275,0.0708,0
0.1024,0.1514,0.0702,0.1035,0.0971,0.1143,0.0792,0.5244,0.0602,0.3426,0.1136,0.2118,0.0744,0.0816,0.1212,0.1289,0.0766,0.141,0.0821,0.2256,0.0613,0
0.1227,0.1717,0.0969,0.1096,0.0895,0.0755,0.0734,1.3044,0.071,0.4458,0.1344,0.202,0.0776,0.0795,0.1056,0.1152,0.0731,0.1314,0.0874,0.2177,0.0636,0
0.1016,0.1509,0.1064,0.118,0.112,0.1109,0.0795,0.1827,0.0982,0.388,0.1611,0.2242,0.0914,0.0877,0.1342,0.0975,0.0932,0.1433,0.0821,0.2013,0.0692,0
0.081,0.2448,0.0998,0.1009,0.1132,0.1,0.0684,0.3732,0.0853,0.6575,0.1383,0.1697,0.1088,0.1181,0.1281,0.0985,0.0904,0.1543,0.0982,0.1889,0.0766,0
0.1254,0.1459,0.1132,0.1499,0.0977,0.0916,0.066,0.5719,0.0739,0.383,0.1381,0.2305,0.0879,0.0933,0.1265,0.0948,0.0972,0.1595,0.0826,0.2155,0.0663,0
0.1109,0.1665,0.114,0.1394,0.103,0.0792,0.07,0.25,0.0995,0.3542,0.1503,0.2028,0.0956,0.0968,0.1462,0.1222,0.0729,0.1138,0.0979,0.2113,0.0729,0
0.1164,0.1929,0.0921,0.1747,0.109,0.1589,0.0858,0.2249,0.0982,0.4759,0.1512,0.2259,0.0927,0.1195,0.1175,0.1077,0.0893,0.1598,0.0916,0.2179,0.0824,0
0.0958,0.1356,0.1082,0.1494,0.1032,0.0686,0.0827,0.8654,0.0623,0.6724,0.1338,0.1977,0.0929,0.0991,0.169,0.07,0.0863,0.1328,0.0916,0.1794,0.0855,0
0.1291,0.1697,0.1156,0.1415,0.1235,0.1351,0.1016,0.1992,0.1059,0.4145,0.1355,0.2063,0.1095,0.1339,0.1328,0.1027,0.0882,0.161,0.1027,0.2311,0.0921,0
0.0979,0.1606,0.0982,0.1592,0.1041,0.099,0.088,0.178,0.0866,0.4192,0.1703,0.2915,0.0948,0.1036,0.136,0.1051,0.0779,0.1354,0.0818,0.1693,0.0816,0
0.1016,0.4762,0.0818,0.1433,0.1029,0.142,0.0971,0.6523,0.0847,0.3663,0.1293,0.1486,0.0874,0.0901,0.1285,0.1193,0.0871,0.1188,0.1032,0.2131,0.0744,0
0.0808,0.1955,0.1072,0.1056,0.1059,0.0916,0.0595,0.3081,0.1051,0.5379,0.1299,0.16,0.0861,0.0912,0.1231,0.0819,0.107,0.178,0.1193,0.2398,0.0776,0
0.1288,0.1712,0.0895,0.1655,0.1,0.3198,0.0813,0.7779,0.0729,0.4921,0.1185,0.2637,0.1077,0.1418,0.1143,0.1307,0.0847,0.1504,0.095,0.2495,0.0934,0
0.094,0.1227,0.0797,0.1816,0.0998,0.0908,0.0681,0.251,0.09,0.3503,0.1589,0.2112,0.0903,0.0973,0.1325,0.1217,0.085,0.1317,0.1285,0.258,0.07,0
0.0956,0.1385,0.0937,0.1494,0.0951,0.0328,0.0811,0.2917,0.0301,0.4395,0.1415,0.1972,0.1022,0.1121,0.152,0.1238,0.0816,0.1402,0.0908,0.1915,0.065,0
0.0913,0.163,0.114,0.1642,0.1043,0.0689,0.0903,0.2146,0.0871,0.4812,0.1505,0.2015,0.138,0.2495,0.1555,0.1341,0.0661,0.1759,0.1132,0.2063,0.0752,0
0.0982,0.3216,0.094,0.1233,0.0975,0.0787,0.0671,0.4867,0.0792,0.3181,0.1154,0.1875,0.1051,0.0853,0.1192,0.0941,0.0867,0.1424,0.0839,0.2186,0.071,0
0.0964,0.1364,0.1241,0.1489,0.1046,0.0048,0.1067,0.2178,0.1051,0.3604,0.1679,0.2397,0.075,0.0994,0.1161,0.1106,0.1006,0.1568,0.0924,0.2079,0.0636,0
0.0805,0.3483,0.09,0.151,0.1227,0.1338,0.0739,0.3225,0.1027,0.5478,0.1323,0.2345,0.098,0.0946,0.1376,0.1315,0.0948,0.1476,0.1111,0.2229,0.0676,0
0.1051,0.213,0.085,0.1932,0.1077,0.1463,0.0824,0.5347,0.0623,0.6785,0.1586,0.4228,0.0884,0.1455,0.1299,0.144,0.0948,0.161,0.0971,0.2263,0.0882,0
0.0895,0.1377,0.0869,0.0993,0.0845,0.1046,0.0676,0.3742,0.062,0.3249,0.1038,0.1954,0.1043,0.2152,0.1183,0.1543,0.0723,0.1449,0.0774,0.2148,0.0507,0
0.0956,0.3565,0.0715,0.1623,0.108,0.1069,0.0769,0.3632,0.0755,0.6863,0.1272,0.2703,0.0681,0.0872,0.142,0.1508,0.1169,0.2483,0.0971,0.2464,0.0945,0
0.0995,0.12,0.1143,0.1481,0.1037,0.209,0.0824,0.2505,0.1024,0.3964,0.1508,0.1952,0.1272,0.154,0.1315,0.0893,0.0734,0.1225,0.0887,0.201,0.0921,0
0.1016,0.2242,0.1463,0.1154,0.1081,0.0542,0.1199,0.3397,0.0921,0.6503,0.1455,0.1619,0.1051,0.0975,0.1526,0.1114,0.093,0.1344,0.0945,0.2,0.0855,0
0.0702,0.1329,0.0826,0.2338,0.1048,0.1315,0.0607,0.2644,0.0718,0.4229,0.1293,0.1948,0.1101,0.1064,0.1283,0.098,0.0905,0.1454,0.09,0.1941,0.0755,0
0.1251,0.1593,0.0858,0.1492,0.1059,0.1561,0.0681,0.1758,0.1032,0.3885,0.1671,0.2724,0.1206,0.2125,0.136,0.0811,0.0795,0.1376,0.0903,0.1836,0.0774,0
0.1164,0.144,0.1164,0.179,0.1285,0.1565,0.0913,0.2188,0.1119,0.3664,0.1639,0.2254,0.1254,0.1228,0.1529,0.107,0.08,0.1183,0.0953,0.2121,0.0858,0
0.0562,0.1021,0.0792,0.1539,0.104,0.118,0.076,0.295,0.0858,0.3936,0.1214,0.1652,0.0848,0.0811,0.1175,0.1186,0.0858,0.1534,0.1008,0.2688,0.0502,0
0.104,0.1686,0.0884,0.1328,0.0977,0.1542,0.0734,0.256,0.0882,0.3461,0.1117,0.1537,0.1196,0.1183,0.1112,0.13,0.09,0.1525,0.1035,0.2195,0.0726,0
0.0895,0.1454,0.1196,0.0969,0.1074,0.1169,0.0869,0.3455,0.1037,0.7017,0.141,0.2693,0.0916,0.1139,0.1281,0.1067,0.0626,0.1478,0.0921,0.2131,0.0752,0
0.0628,0.2643,0.0734,0.1457,0.1016,0.1428,0.0686,0.2061,0.0792,0.4585,0.1006,0.1611,0.0916,0.1339,0.1201,0.0837,0.0766,0.1439,0.0829,0.1986,0.0631,0
0.1072,0.2763,0.095,0.185,0.1003,0.1365,0.0797,0.7217,0.07,0.8008,0.1104,0.226,0.0927,0.1646,0.1143,0.1413,0.0911,0.1792,0.099,0.2585,0.0689,0
0.1156,0.1752,0.1664,0.1204,0.1215,0.5398,0.0663,0.2489,0.0911,0.4417,0.1439,0.1851,0.0987,0.0969,0.141,0.0782,0.093,0.1268,0.0945,0.1926,0.0758,0
0.0913,0.1451,0.0969,0.1318,0.0948,0.0787,0.0705,0.2373,0.1256,0.3843,0.16,0.2331,0.1048,0.1226,0.1363,0.0972,0.0848,0.127,0.0964,0.266,0.0705,0
0.1035,0.1786,0.114,0.1375,0.1019,0.1054,0.0684,0.16,0.0797,0.4661,0.1861,0.3057,0.0924,0.1062,0.1391,0.0985,0.0808,0.1183,0.0985,0.1955,0.0942,0
0.1011,0.3219,0.109,0.1349,0.1085,0.1149,0.0863,0.2214,0.085,0.3598,0.1181,0.1633,0.1106,0.1128,0.1718,0.1069,0.0932,0.141,0.118,0.2269,0.0671,0
0.0821,0.2549,0.1085,0.1864,0.0752,0.1657,0.1156,0.2813,0.1016,0.4461,0.1314,0.3085,0.0821,0.1545,0.1375,0.1766,0.0919,0.2402,0.0705,0.4016,0.0855,1
0.094,0.3116,0.1278,0.2611,0.0861,0.2123,0.1019,0.8635,0.152,1.7344,0.1219,0.494,0.1103,0.1753,0.1402,0.2735,0.0671,0.4587,0.1161,0.4242,0.1061,1
0.0837,0.6212,0.109,0.4267,0.0924,0.2774,0.0905,0.4518,0.1027,0.7282,0.1111,0.4226,0.0882,0.1751,0.128,0.2405,0.0869,0.4389,0.1241,0.5227,0.0958,1
0.0818,0.3512,0.1016,0.2159,0.0937,0.2273,0.0908,0.3399,0.1225,0.4796,0.1186,0.3659,0.1156,0.3075,0.1111,0.1244,0.0784,0.2547,0.0905,0.3962,0.0803,1
0.1074,0.2269,0.1164,0.2362,0.0871,0.1681,0.1069,0.27,0.0866,0.4142,0.137,0.3489,0.0966,0.1714,0.1452,0.1938,0.0839,0.2554,0.0911,0.3404,0.0942,1
0.1201,0.2707,0.1233,0.2233,0.1238,0.1824,0.1193,0.2731,0.1016,0.4448,0.1365,0.2661,0.1161,0.193,0.1425,0.1484,0.0932,0.2365,0.09,0.3424,0.0948,1
0.057,0.2208,0.0942,0.2193,0.0755,0.1576,0.0995,0.2797,0.094,0.4149,0.1156,0.3178,0.0642,0.1337,0.1151,0.1574,0.0818,0.2035,0.085,0.3403,0.0905,1
0.1198,0.2699,0.1088,0.2315,0.0826,0.1541,0.1019,0.2586,0.1095,0.4442,0.1486,0.2917,0.0971,0.1819,0.1579,0.1389,0.1006,0.2397,0.08,0.3765,0.0774,1
0.0874,0.2491,0.1169,0.2375,0.0679,0.1664,0.142,0.2803,0.1143,0.4757,0.1309,0.2908,0.0858,0.1975,0.1201,0.1843,0.08,0.2154,0.0781,0.3208,0.0934,1
0.0974,0.2596,0.118,0.3028,0.1069,0.1629,0.119,0.2971,0.1309,0.4806,0.1679,0.3194,0.0982,0.2498,0.1061,0.1246,0.0599,0.314,0.0692,0.4393,0.1061,1
0.0839,0.2195,0.1201,0.2365,0.0869,0.1582,0.1045,0.2612,0.0993,0.3767,0.1397,0.264,0.0723,0.1827,0.1151,0.1323,0.0937,0.2132,0.1098,0.3736,0.08,1
0.0929,0.2184,0.0987,0.1797,0.0892,0.1483,0.1101,0.2761,0.1032,0.3819,0.1529,0.2991,0.0916,0.2265,0.1415,0.1445,0.0871,0.2016,0.0905,0.3527,0.0974,1
0.08,0.2011,0.1291,0.2125,0.0879,0.1964,0.1074,0.3037,0.0987,0.4418,0.132,0.2228,0.0787,0.1643,0.1122,0.1236,0.0929,0.2309,0.0855,0.3498,0.1037,1
0.0613,0.2789,0.1169,0.2412,0.0774,0.1803,0.0971,0.2633,0.0993,0.4601,0.1153,0.3256,0.0937,0.1661,0.1241,0.193,0.0718,0.2383,0.085,0.3583,0.0905,1
0.0768,0.4187,0.0251,0.9537,0.0903,0.2152,0.089,0.2888,0.0839,0.4421,0.1207,0.3057,0.095,0.1595,0.1143,0.1445,0.0998,0.2207,0.0892,0.3865,0.0834,1
0.085,0.1797,0.1122,0.2194,0.0752,0.1705,0.1109,0.2888,0.1059,0.4384,0.1241,0.2859,0.0924,0.1809,0.1124,0.1602,0.0845,0.2164,0.081,0.3775,0.1032,1
0.0742,0.2061,0.118,0.2344,0.0774,0.1727,0.1119,0.2987,0.1101,0.4203,0.1452,0.3028,0.095,0.1603,0.1307,0.207,0.0858,0.2206,0.0879,0.3567,0.0874,1
0.0858,0.6547,0.1161,0.2644,0.1032,0.2858,0.1156,0.5067,0.0876,0.5179,0.1207,0.3255,0.108,0.2319,0.1256,0.2048,0.0766,0.2988,0.1,0.3601,0.0787,1
0.0737,0.2264,0.0898,0.1785,0.1019,0.169,0.1098,0.2652,0.1114,0.4057,0.1421,0.2772,0.0977,0.1754,0.1296,0.1547,0.0855,0.2172,0.0905,0.402,0.0813,1
0.0705,0.1844,0.1143,0.2597,0.0934,0.1905,0.1204,0.5656,0.0755,0.3482,0.1146,0.3036,0.0898,0.2152,0.1077,0.1384,0.0924,0.2048,0.0921,0.3831,0.0834,1
0.0618,0.2034,0.1264,0.2299,0.0747,0.1513,0.1003,0.242,0.0998,0.4329,0.1595,0.3192,0.0758,0.1387,0.1399,0.1619,0.0742,0.2191,0.0824,0.4272,0.0966,1
0.0805,0.1778,0.1341,0.2101,0.095,0.189,0.0921,0.2544,0.1309,0.5044,0.1565,0.2909,0.0953,0.2007,0.1394,0.1421,0.104,0.2468,0.0929,0.377,0.0866,1
0.0668,0.3591,0.1275,0.2099,0.1037,0.1771,0.128,0.313,0.1204,0.5037,0.1328,0.4619,0.0871,0.16,0.1544,0.3421,0.0934,0.2705,0.0832,0.3417,0.0961,1
0.0816,0.262,0.0971,0.1905,0.1,0.1795,0.0942,0.3056,0.0916,0.4532,0.1407,0.312,0.0869,0.1812,0.1024,0.1513,0.0861,0.1993,0.0816,0.3691,0.0803,1
0.0903,0.2148,0.1109,0.235,0.1066,0.1818,0.1238,0.241,0.0892,0.4207,0.1549,0.2771,0.0795,0.1672,0.138,0.1481,0.0995,0.2256,0.094,0.4248,0.1,1
0.1338,0.2868,0.1037,0.208,0.09,0.1784,0.133,0.3372,0.0985,0.4147,0.1256,0.3114,0.0977,0.1585,0.1196,0.1743,0.076,0.214,0.0837,0.3385,0.0945,1
0.0789,0.3124,0.1278,0.2059,0.0998,0.2088,0.1623,0.3618,0.1436,0.6855,0.1407,0.3561,0.1206,0.2239,0.1285,0.2038,0.0895,0.2336,0.0774,0.4681,0.0628,1
0.0824,0.1393,0.1533,0.209,0.085,0.1626,0.1132,0.2338,0.1241,0.4155,0.1273,0.2585,0.0887,0.1973,0.1404,0.1568,0.1109,0.236,0.0871,0.3535,0.0879,1
0.0879,0.2562,0.1183,0.1951,0.0953,0.2199,0.0882,0.2626,0.1011,0.483,0.1459,0.2639,0.0982,0.2075,0.1037,0.1336,0.0913,0.2143,0.089,0.3749,0.0784,1
0.0837,0.2288,0.1175,0.279,0.0879,0.2101,0.0966,0.2605,0.1217,0.4683,0.1278,0.3535,0.0908,0.1748,0.1069,0.2059,0.0818,0.2449,0.0971,0.3609,0.0919,1
0.0702,0.3103,0.1124,0.2146,0.0866,0.1713,0.0818,0.3043,0.0895,0.4551,0.1144,0.2704,0.0752,0.15,0.1175,0.1754,0.0898,0.2352,0.0937,0.4551,0.094,1
0.07,0.2723,0.1011,0.2194,0.0763,0.1782,0.0961,0.3426,0.0383,0.4044,0.1115,0.354,0.076,0.17,0.1293,0.2178,0.0876,0.2604,0.07,0.3815,0.1093,1
0.0966,0.4752,0.0863,0.1943,0.0847,0.2101,0.142,0.3331,0.0993,0.4274,0.1225,0.3117,0.1209,0.2197,0.1235,0.1848,0.071,0.2288,0.0742,0.358,0.0839,1
0.075,0.2248,0.1267,0.2529,0.09,0.2196,0.1415,0.255,0.1169,0.6725,0.1212,0.3698,0.0937,0.1827,0.1233,0.1659,0.0813,0.2388,0.0953,0.4277,0.0985,1
0.0945,0.2295,0.1322,0.1887,0.1241,0.1959,0.1006,0.3067,0.0969,0.4366,0.1644,0.2853,0.089,0.1548,0.1177,0.1637,0.09,0.2449,0.0839,0.3635,0.0921,1
0.0879,0.1612,0.1454,0.1956,0.0879,0.1748,0.1225,0.232,0.1135,0.396,0.1251,0.3518,0.0869,0.1762,0.1354,0.1692,0.0969,0.2349,0.0816,0.3567,0.094,1
0.0913,0.1923,0.1333,0.1882,0.0813,0.1848,0.1275,0.2616,0.133,0.4508,0.1581,0.2859,0.0879,0.1801,0.1378,0.1365,0.0882,0.2099,0.0911,0.3517,0.0985,1
0.0676,0.2383,0.1056,0.3154,0.1528,0.3463,0.1201,0.3125,0.0879,0.4392,0.1523,0.364,0.1106,0.2104,0.1167,0.141,0.0929,0.6755,0.1066,0.425,0.089,1
0.0671,0.2306,0.1233,0.2236,0.0808,0.1597,0.1227,0.589,0.1478,0.5591,0.1502,0.3737,0.1032,0.1941,0.1243,0.1637,0.0861,0.246,0.0847,0.3994,0.0934,1
0.0948,0.1678,0.1317,0.1964,0.0755,0.1626,0.1278,0.2241,0.0956,0.4195,0.1666,0.2901,0.0895,0.1619,0.1694,0.2051,0.0892,0.2317,0.085,0.3525,0.099,1
0.081,0.3546,0.0979,0.1913,0.1095,0.2256,0.119,0.3375,0.0853,0.6111,0.1095,0.417,0.1301,0.1983,0.1328,0.221,0.0483,0.2401,0.0969,0.4512,0.0797,1
0.0977,0.2359,0.1278,0.2239,0.1006,0.1743,0.1111,0.285,0.1011,0.5228,0.1257,0.3717,0.104,0.1951,0.1462,0.1756,0.0755,0.2357,0.0789,0.4142,0.1167,1
0.0808,0.2019,0.1029,0.2475,0.1003,0.1782,0.1285,0.2937,0.0937,0.6039,0.1167,0.4009,0.0958,0.178,0.1172,0.2088,0.075,0.2331,0.089,0.3797,0.0816,1
0.0668,0.3259,0.1077,0.1893,0.0985,0.1632,0.099,0.3354,0.0932,0.4881,0.1138,0.2743,0.0829,0.1664,0.132,0.1635,0.1088,0.2471,0.0842,0.415,0.0744,1
0.0729,0.2971,0.1154,0.2144,0.0924,0.1605,0.0874,0.2782,0.0884,0.4859,0.1186,0.3144,0.089,0.177,0.1212,0.1835,0.0715,0.2027,0.0913,0.3609,0.0905,1
0.0832,0.2169,0.099,0.1848,0.0824,0.1587,0.0781,0.2488,0.1161,0.4458,0.1386,0.2603,0.0797,0.1801,0.0874,0.1286,0.0813,0.2093,0.0681,0.3622,0.0737,1
0.0779,0.2056,0.138,0.2124,0.1156,0.2215,0.0948,0.256,0.1314,0.4601,0.1515,0.3043,0.0987,0.1809,0.1542,0.1336,0.1009,0.2408,0.0929,0.3862,0.085,1
0.0834,0.2591,0.1185,0.2024,0.0824,0.1561,0.0948,0.2595,0.0942,0.4439,0.1217,0.2328,0.0887,0.197,0.1122,0.121,0.0921,0.209,0.0974,0.3897,0.081,1
0.0671,0.2483,0.1148,0.2552,0.0729,0.1901,0.0718,0.9505,0.1233,0.6625,0.1423,0.3632,0.0779,0.1706,0.1124,0.2077,0.0739,0.2201,0.0586,0.301,0.0934,1
0.0842,0.2187,0.137,0.1877,0.0816,0.132,0.1241,0.2927,0.08,0.4053,0.1771,0.3645,0.0847,0.1357,0.1325,0.1698,0.0876,0.2129,0.0964,0.3979,0.0969,1
0.1074,0.1931,0.1336,0.1943,0.094,0.1816,0.1183,0.2626,0.0977,0.4111,0.1426,0.2851,0.0956,0.1662,0.133,0.1697,0.0826,0.2185,0.0934,0.3593,0.0932,1
0.1003,0.2211,0.113,0.1508,0.0866,0.1756,0.0837,0.8165,0.1024,0.4239,0.1446,0.3001,0.0845,0.1516,0.1259,0.1386,0.0845,0.1996,0.1008,0.3699,0.0797,1
0.0913,0.2161,0.1285,0.1948,0.0908,0.1869,0.1241,0.275,0.0734,0.4454,0.1566,0.2556,0.0832,0.163,0.1586,0.156,0.1006,0.2449,0.0866,0.3831,0.0774,1
0.0784,0.4079,0.1064,0.1645,0.075,0.1571,0.1003,0.2494,0.1011,0.4131,0.1177,0.256,0.0834,0.1376,0.1262,0.1537,0.0869,0.2225,0.1019,0.3696,0.0903,1
0.0842,0.2245,0.1159,0.1951,0.0752,0.1853,0.0932,0.7471,0.1533,1.2319,0.1605,0.8474,0.089,0.1983,0.1024,0.1518,0.0863,0.2238,0.0911,0.4201,0.076,1
0.0787,0.313,0.0597,0.265,0.1082,0.2022,0.1148,0.2834,0.1161,0.6002,0.1465,0.3985,0.0911,0.1466,0.1618,0.2629,0.0496,0.262,0.0789,0.4393,0.1185,1
0.1045,0.4533,0.1159,0.2386,0.0826,0.2842,0.1088,0.3785,0.104,0.5598,0.1143,0.327,0.0824,0.1902,0.1185,0.1692,0.0795,0.2381,0.0837,0.7932,0.1267,1
0.0655,0.7713,0.1373,0.2624,0.0834,0.3101,0.1085,0.3217,0.1151,0.554,0.1194,0.3319,0.1114,0.1946,0.1185,0.1558,0.0781,0.2562,0.0766,0.438,0.1003,1
0.0879,0.1306,0.1312,0.2276,0.0808,0.1745,0.1243,0.2006,0.1138,0.4438,0.1471,0.2305,0.0813,0.1571,0.138,0.1671,0.1114,0.2328,0.0721,0.5137,0.1135,1
0.0781,0.2651,0.1093,0.2624,0.0927,0.1912,0.0921,0.2766,0.1022,0.5003,0.1357,0.3914,0.0913,0.1653,0.1278,0.2179,0.1,0.2771,0.0731,0.3712,0.0789,1
0.0832,0.1739,0.1209,0.1811,0.0924,0.1711,0.1322,0.2082,0.1124,0.418,0.1484,0.2524,0.0942,0.1648,0.1272,0.1518,0.0956,0.2159,0.1,0.3738,0.0919,1
0.0895,0.28,0.0792,0.1734,0.0919,0.2199,0.0993,0.4062,0.0853,0.4276,0.1064,0.2901,0.0832,0.1667,0.1367,0.1774,0.0858,0.2069,0.0771,0.3343,0.0882,1
0.0747,0.3032,0.0945,0.1647,0.1214,0.2109,0.1085,0.3186,0.1338,0.5455,0.1317,0.3516,0.0916,0.1841,0.1161,0.1705,0.095,0.218,0.0834,0.3543,0.0956,1
0.0874,0.2248,0.0945,0.2093,0.0816,0.1719,0.1198,0.3159,0.1008,0.4054,0.1637,0.3239,0.0845,0.2078,0.1351,0.1444,0.0961,0.2236,0.0734,0.3562,0.0871,1
0.0789,0.1722,0.1378,0.2138,0.1045,0.1774,0.1138,0.2323,0.1251,0.4534,0.1544,0.293,0.0982,0.1846,0.1338,0.137,0.0942,0.2251,0.0932,0.3905,0.0937,1
0.0948,0.2784,0.0908,0.2059,0.0911,0.1716,0.1011,0.2853,0.137,0.4748,0.1196,0.3379,0.0969,0.1767,0.119,0.1555,0.0898,0.2431,0.0887,0.358,0.0979,1
0.0824,0.1536,0.1404,0.194,0.0882,0.1743,0.1325,0.2383,0.1212,0.4422,0.1413,0.2822,0.0853,0.1551,0.1349,0.1743,0.1029,0.2391,0.0919,0.3422,0.0847,1
0.0824,0.2301,0.1093,0.2072,0.1027,0.1864,0.127,0.2629,0.1119,0.4107,0.151,0.2714,0.0853,0.1403,0.1222,0.1589,0.0974,0.2032,0.0993,0.3882,0.0858,1
0.0647,0.2536,0.1029,0.2642,0.0713,0.1867,0.0977,0.3209,0.0924,0.4744,0.1413,0.4736,0.0832,0.1427,0.1404,0.2513,0.0731,0.242,0.0686,0.3662,0.0795,1
0.0795,0.2114,0.1204,0.1872,0.0887,0.1887,0.1254,0.1956,0.1285,0.431,0.1597,0.278,0.0924,0.1785,0.1243,0.1315,0.1011,0.2119,0.0982,0.3776,0.09,1
0.0808,0.3473,0.1307,0.2326,0.0821,0.184,0.1014,0.2922,0.1029,0.3941,0.1547,0.2495,0.0763,0.1888,0.1164,0.146,0.0824,0.1946,0.1048,0.367,0.0816,1
0.0964,0.2037,0.1299,0.2022,0.0879,0.1473,0.0987,0.238,0.1077,0.3836,0.1371,0.2522,0.0969,0.1479,0.1431,0.1543,0.0882,0.2191,0.0871,0.3324,0.1016,1
0.0774,0.2441,0.1317,0.2753,0.0929,0.2323,0.1217,0.7547,0.1143,0.6443,0.1252,0.3516,0.0795,0.1675,0.1518,0.2954,0.0771,0.6033,0.0884,0.4063,0.0966,1
0.0964,0.2913,0.1093,0.2159,0.0958,0.2135,0.0932,0.3043,0.1014,0.5728,0.1267,0.3334,0.0858,0.1917,0.09,0.1837,0.0869,0.2682,0.09,0.5696,0.0977,1
0.0839,0.287,0.1114,0.2157,0.0708,0.1497,0.1307,0.2555,0.109,0.5754,0.128,0.5605,0.0995,0.3302,0.1446,0.2006,0.0676,0.4552,0.1259,0.862,0.1114,1
0.1095,0.4084,0.1167,0.2099,0.0892,0.1993,0.1098,0.3225,0.1433,0.9052,0.1357,0.3753,0.1111,0.1896,0.1219,0.1911,0.08,0.2407,0.0913,0.3955,0.0871,1
0.0839,0.149,0.1655,0.2302,0.0908,0.1782,0.133,0.2504,0.1267,0.4418,0.1737,0.2922,0.0863,0.1761,0.1497,0.1558,0.0966,0.2293,0.1056,0.386,0.0964,1
0.0913,0.2203,0.1143,0.226,0.1037,0.1512,0.1317,0.289,0.1146,0.5495,0.1362,0.3268,0.1164,0.2023,0.1431,0.1809,0.0966,0.2457,0.0956,0.4198,0.1119,1
0.0834,0.2198,0.1365,0.25,0.0789,0.1745,0.1198,0.2486,0.1006,0.4345,0.1299,0.3445,0.0829,0.1965,0.1288,0.2115,0.094,0.2663,0.0905,0.4026,0.0892,1
0.0673,0.2596,0.1272,0.2552,0.0826,0.1784,0.0974,0.2151,0.1106,0.4733,0.1476,0.3677,0.0969,0.1799,0.1415,0.2516,0.0884,0.261,0.0927,0.3813,0.0882,1
0.0979,0.1841,0.1499,0.2204,0.0987,0.184,0.128,0.2386,0.1227,0.3933,0.1631,0.2745,0.0905,0.1816,0.1322,0.1478,0.0956,0.2468,0.0916,0.3477,0.0971,1
0.0964,0.7658,0.0884,0.2787,0.0892,0.1795,0.0847,0.3491,0.0908,0.4685,0.1048,0.3838,0.1101,0.239,0.1127,0.1919,0.0731,0.2161,0.0768,0.3696,0.0758,1
0.0818,0.2351,0.1357,0.2508,0.0729,0.1613,0.0993,0.3057,0.1156,0.4212,0.1492,0.2989,0.0892,0.1985,0.1124,0.1689,0.0839,0.2438,0.0816,0.4478,0.1045,1
0.0642,0.238,0.1151,0.2033,0.1051,0.2015,0.1336,0.3057,0.1148,0.4321,0.1597,0.2943,0.1262,0.1669,0.1225,0.1743,0.0934,0.1926,0.0945,0.406,0.0758,1
0.0655,0.2895,0.1154,0.2065,0.09,0.2233,0.1077,0.3112,0.0977,0.548,0.1365,0.3867,0.0921,0.1777,0.1468,0.1843,0.0681,0.2541,0.0818,0.9174,0.1169,1
0.0774,0.1763,0.1059,0.2421,0.0998,0.1777,0.137,0.242,0.0921,0.4133,0.1526,0.2437,0.0853,0.2052,0.1037,0.1381,0.1085,0.3924,0.1119,0.4084,0.0998,1
0.0863,0.1878,0.1204,0.2083,0.0808,0.1761,0.0942,0.2515,0.1051,0.501,0.1929,0.3436,0.0705,0.1545,0.1441,0.802,0.0869,0.2468,0.065,0.3441,0.0839,1
0.0789,0.2055,0.1106,0.1829,0.0763,0.1521,0.1043,0.2463,0.0945,0.4352,0.1199,0.249,0.0871,0.1748,0.1243,0.1581,0.0755,0.1958,0.0747,0.3475,0.0763,1
0.0771,0.2876,0.1111,0.2286,0.0723,0.1618,0.1059,0.3033,0.0726,0.4535,0.1413,0.3575,0.071,0.1711,0.1154,0.1543,0.0916,0.2043,0.0803,0.3531,0.085,1
0.0813,0.2897,0.1288,0.2323,0.1048,0.189,0.1077,0.2476,0.1164,0.4126,0.155,0.236,0.0964,0.2086,0.1259,0.1225,0.1064,0.2584,0.0842,0.3641,0.0879,1
0.065,0.4101,0.1027,0.226,0.0697,0.1653,0.138,0.6887,0.1127,0.5587,0.1212,0.3347,0.076,0.1508,0.119,0.1771,0.0921,0.2396,0.0869,0.3984,0.08,1
0.0673,0.2884,0.1154,0.2468,0.0821,0.1734,0.0948,0.2571,0.0853,0.4216,0.1219,0.3634,0.0937,0.1801,0.1254,0.1933,0.0919,0.2618,0.0816,0.3633,0.0839,1
0.0797,0.2158,0.1333,0.2476,0.0874,0.212,0.1164,0.2998,0.1088,0.658,0.1452,0.3664,0.1146,0.1981,0.1262,0.2017,0.0671,0.2394,0.0898,0.3984,0.0887,1
0.0998,0.3304,0.113,0.2215,0.0937,0.1932,0.0995,0.2676,0.0979,0.4149,0.1212,0.2524,0.0882,0.163,0.1161,0.1336,0.1024,0.2336,0.0966,0.3459,0.0913,1
0.0657,0.254,0.1233,0.2698,0.0876,0.1853,0.1146,0.3268,0.1019,0.8287,0.14,0.3973,0.0842,0.1867,0.1209,0.141,0.0826,0.2512,0.0803,0.4029,0.0876,1
0.1077,0.5897,0.09,0.2816,0.0921,0.1468,0.1169,0.2354,0.1,0.5041,0.152,0.3011,0.085,0.1674,0.1209,0.1555,0.09,0.2309,0.0855,0.3419,0.0853,1
0.0805,0.1783,0.1399,0.1932,0.0803,0.1547,0.1045,0.2132,0.1098,0.4023,0.1547,0.2861,0.0842,0.169,0.1383,0.1603,0.0932,0.2035,0.1014,0.3533,0.1198,1
0.0795,0.2475,0.0921,0.2159,0.0826,0.1539,0.1188,0.2679,0.0993,0.44,0.1077,0.2843,0.1003,0.1883,0.1241,0.1759,0.0795,0.2196,0.0855,0.3345,0.0892,1
0.0927,0.2829,0.1441,0.3159,0.0998,0.2133,0.0908,0.2758,0.1122,0.4097,0.1383,0.2674,0.0919,0.1799,0.1349,0.1429,0.0855,0.1995,0.0858,0.3554,0.0768,1
0.0898,0.1734,0.1285,0.175,0.0913,0.1729,0.1499,0.2293,0.1349,0.4453,0.1539,0.2648,0.1161,0.1885,0.1565,0.2014,0.0842,0.9017,0.0824,0.3752,0.0924,1
0.0792,0.334,0.0979,0.1721,0.0744,0.1855,0.0942,0.3372,0.1035,0.4789,0.123,0.2851,0.0882,0.183,0.1124,0.2336,0.1106,0.241,0.1037,0.401,0.0515,1
0.1003,0.2554,0.1433,0.2362,0.0731,0.1573,0.132,0.2924,0.1064,0.5609,0.136,0.3574,0.095,0.1785,0.1412,0.1853,0.0684,0.2207,0.0818,0.401,0.081,1
0.1006,0.3217,0.1275,0.264,0.1074,0.214,0.1069,0.703,0.0985,0.507,0.1339,0.2553,0.1045,0.1669,0.1396,0.1539,0.081,0.2005,0.0987,0.3862,0.0829,1
0.0934,0.2232,0.1373,0.2231,0.0919,0.1851,0.119,0.4459,0.1095,1.1253,0.1008,0.4386,0.0987,0.2123,0.114,0.1771,0.0826,0.3058,0.1465,0.4987,0.0958,1
0.0861,0.1552,0.1454,0.1987,0.0821,0.2246,0.2159,0.1736,0.0082,0.6036,0.1318,0.2962,0.0916,0.2015,0.1375,0.1465,0.1027,0.255,0.0905,0.3836,0.071,1
0.0655,0.2575,0.0982,0.1874,0.1119,0.2265,0.113,1.045,0.1059,0.6195,0.1148,0.3531,0.0853,0.1482,0.1272,0.2067,0.0779,0.2412,0.0647,0.6742,0.1093,1
0.0713,0.1945,0.1386,0.2252,0.0985,0.2036,0.1531,0.5677,0.1462,0.5308,0.146,0.3429,0.1043,0.1667,0.132,0.2031,0.0742,0.2304,0.0887,0.381,0.1388,1
0.0847,0.2179,0.1088,0.1745,0.0932,0.1547,0.1391,0.2209,0.119,0.4199,0.1471,0.2453,0.0874,0.1846,0.133,0.1502,0.108,0.1967,0.0829,0.5588,0.1024,1
0.0905,0.1881,0.1367,0.1824,0.0789,0.1547,0.1177,0.1874,0.1198,0.4231,0.1225,0.2545,0.1064,0.2361,0.142,0.1608,0.0985,0.2421,0.0953,0.3952,0.0723,1
0.0905,0.2129,0.1346,0.2267,0.1098,0.4542,0.1154,1.0933,0.1048,0.4569,0.1028,0.2828,0.0903,0.13,0.1475,0.1729,0.0974,0.2354,0.0805,0.3815,0.0905,1
0.07,0.2874,0.1051,0.1988,0.0763,0.1534,0.1262,0.2576,0.1143,0.4728,0.1676,0.374,0.0956,0.1812,0.1196,0.1772,0.0792,0.2104,0.0863,0.3445,0.0903,1
0.094,0.3583,0.1093,0.2051,0.1006,0.2152,0.0895,0.2747,0.1114,0.6767,0.1405,0.6232,0.1056,0.1983,0.1243,0.1595,0.0882,0.2816,0.0766,0.4792,0.0987,1
0.0737,0.2465,0.0958,0.213,0.0697,0.1695,0.1101,0.2808,0.0842,0.4149,0.1094,0.3216,0.0842,0.1912,0.1135,0.159,0.0903,0.2302,0.0747,0.4454,0.0565,1
0.1066,0.2472,0.1394,0.2405,0.0774,0.1864,0.1032,0.3148,0.1164,0.7004,0.1201,0.3819,0.09,0.1788,0.1288,0.1764,0.094,0.2391,0.0903,0.4351,0.095,1
0.0916,0.2229,0.1449,0.2518,0.1006,0.1917,0.114,0.3428,0.1375,0.5936,0.1347,0.3377,0.0948,0.1725,0.119,0.1652,0.0829,0.2544,0.0845,0.395,0.0971,1
0.0684,0.4262,0.1275,0.2384,0.0921,0.1771,0.113,0.9511,0.1183,0.7451,0.146,0.3128,0.0924,0.1558,0.1423,0.1761,0.0847,0.2491,0.0866,0.3583,0.0795,1
0.0644,0.7201,0.1093,0.2777,0.0718,0.9812,0.0512,0.4505,0.0987,0.8421,0.1276,0.3614,0.0734,0.1318,0.1312,0.2041,0.0887,0.256,0.0758,0.366,0.0784,1
0.0847,0.2535,0.0961,0.1811,0.1082,0.1549,0.1106,0.2602,0.1264,0.4495,0.1436,0.2389,0.1214,0.2141,0.1296,0.1365,0.0937,0.2299,0.1024,0.3438,0.0905,1
0.0731,0.1939,0.1254,0.1917,0.0961,0.1658,0.1262,0.336,0.1117,0.5382,0.1177,0.328,0.0921,0.1587,0.1452,0.1878,0.0927,0.2331,0.089,0.4523,0.094,1
0.0533,0.6306,0.0948,0.2379,0.0723,0.1861,0.099,0.2784,0.1035,0.4184,0.1294,0.3062,0.0956,0.1836,0.1293,0.1613,0.1085,0.2576,0.1032,0.4047,0.1037,1
0.0779,0.2005,0.1301,0.2848,0.0861,0.1774,0.1172,0.2549,0.1241,0.4881,0.1357,0.3545,0.085,0.1695,0.1367,0.1872,0.1016,0.285,0.0489,0.4541,0.1095,1
0.075,0.2488,0.1024,0.1869,0.0874,0.1779,0.1138,0.3175,0.1296,0.4741,0.1415,0.3896,0.0763,0.1867,0.1217,0.1917,0.0697,0.2032,0.0784,0.3535,0.0837,1
0.0668,0.3106,0.0913,0.1768,0.0921,0.1853,0.0966,0.3101,0.0869,0.4625,0.1452,0.2875,0.1035,0.1778,0.1494,0.1621,0.0787,0.1988,0.09,0.3823,0.0905,1
0.0919,0.1707,0.1314,0.2098,0.0853,0.1582,0.0958,0.252,0.1143,0.435,0.1579,0.2374,0.1222,0.217,0.1151,0.1191,0.1146,0.3312,0.0615,0.4393,0.1095,1
0.0813,0.2863,0.1114,0.179,0.0752,0.156,0.0993,0.3043,0.0937,0.4324,0.1004,0.2899,0.075,0.188,0.1164,0.1835,0.1,0.2341,0.0702,0.3211,0.0969,1
0.0863,0.2161,0.1367,0.2098,0.0995,0.1771,0.1415,0.2613,0.1196,0.4561,0.1518,0.3273,0.0863,0.1735,0.1338,0.1497,0.0998,0.2441,0.0869,0.3538,0.0937,1
0.0715,0.239,0.1217,0.2621,0.0824,0.1653,0.1032,0.3003,0.1109,0.4789,0.1442,0.4274,0.0715,0.255,0.1296,0.2455,0.046,0.2574,0.1064,0.396,0.0855,1
0.0697,0.4528,0.0942,0.2114,0.0837,0.1827,0.1375,0.3217,0.1322,0.4519,0.1206,0.2977,0.0919,0.1772,0.1259,0.1729,0.0784,0.2449,0.108,0.4309,0.1064,1
0.0871,0.2039,0.1533,0.2362,0.0985,0.1993,0.123,0.3222,0.1254,0.6435,0.1331,0.3809,0.0929,0.1917,0.137,0.1574,0.0747,0.2438,0.0942,0.4139,0.089,1
0.0916,0.2744,0.118,0.2481,0.0803,0.1782,0.1225,0.3104,0.094,0.6524,0.1188,0.3605,0.1022,0.1712,0.1599,0.1927,0.0998,0.2457,0.0795,0.4372,0.1037,1
0.0715,0.1817,0.118,0.2112,0.1056,0.1874,0.1135,0.2315,0.0853,0.4274,0.1218,0.2393,0.1024,0.2914,0.1006,0.1363,0.0813,0.2138,0.081,0.3464,0.0842,1
0.0591,0.3031,0.09,0.189,0.0979,0.1803,0.1064,0.275,0.1124,0.4073,0.1106,0.3246,0.0937,0.1627,0.1333,0.179,0.104,0.2278,0.0919,0.3586,0.1117,1
0.0768,0.148,0.1375,0.1948,0.0921,0.1739,0.1639,0.1869,0.1156,0.4474,0.1405,0.3002,0.089,0.1809,0.1555,0.1378,0.1122,0.2634,0.0913,0.3794,0.099,1
0.0705,0.2074,0.1135,0.2175,0.0826,0.1702,0.1045,0.2971,0.1077,0.4535,0.1236,0.302,0.0892,0.164,0.1309,0.189,0.0723,0.2114,0.0805,0.3337,0.0884,1
0.0971,0.2517,0.1169,0.2634,0.108,0.1803,0.1085,0.298,0.1262,0.4777,0.1233,0.3302,0.1,0.2112,0.1845,0.1679,0.1003,0.2684,0.0874,0.4074,0.1093,1
0.0842,0.1855,0.1117,0.1956,0.0964,0.178,0.1064,0.2581,0.0974,0.3833,0.1239,0.2633,0.0927,0.1648,0.119,0.1236,0.0855,0.2185,0.0974,0.377,0.0715,1
0.0842,0.3066,0.1114,0.1618,0.0911,0.1698,0.1024,0.2961,0.1077,0.4313,0.1632,0.3065,0.1043,0.1743,0.1518,0.3675,0.0557,0.3953,0.0721,0.4111,0.0958,1
0.0789,0.2092,0.1217,0.2352,0.0845,0.1848,0.1309,0.2586,0.1272,0.4613,0.1394,0.3643,0.1022,0.1836,0.147,0.2223,0.0927,0.2487,0.0847,0.3635,0.0808,1
0.0816,0.1604,0.1161,0.2251,0.0715,0.1452,0.1312,0.2397,0.1082,0.4466,0.1378,0.279,0.0866,0.1978,0.1291,0.1302,0.0953,0.227,0.0863,0.3765,0.0916,1
0.0876,0.7277,0.099,0.2239,0.0913,0.2291,0.0953,0.4249,0.0916,0.6461,0.1331,0.5049,0.0863,0.1753,0.114,0.179,0.0911,0.2172,0.0953,0.3762,0.085,1
0.075,0.2454,0.1072,0.1975,0.0821,0.1806,0.1159,0.298,0.128,0.4695,0.1603,0.7754,0.1154,0.3928,0.1299,0.4701,0.1082,0.2449,0.0789,0.3662,0.07,1
0.0647,0.305,0.0993,0.2864,0.1188,0.3067,0.1051,0.3809,0.0903,0.6392,0.1241,0.4104,0.0763,0.1949,0.0874,0.178,0.094,0.2365,0.0742,0.4459,0.099,1
0.0708,0.2797,0.1196,0.2043,0.0808,0.1753,0.1602,0.3542,0.1061,0.4796,0.1415,0.3408,0.0969,0.1572,0.1359,0.2051,0.0858,0.2301,0.0803,0.3209,0.0702,1
0.0982,0.2583,0.0903,0.2566,0.099,0.327,0.0898,0.6358,0.0842,0.8269,0.1331,0.3688,0.1064,0.1983,0.1296,0.1888,0.1035,0.293,0.0903,0.4773,0.109,1
0.0834,0.3187,0.1032,0.2011,0.0987,0.1784,0.1085,0.2436,0.1074,0.4339,0.1094,0.2533,0.1106,0.2173,0.1293,0.1663,0.0876,0.209,0.0898,0.3325,0.0808,1
0.0842,0.2491,0.1161,0.2022,0.0953,0.1761,0.089,0.2925,0.1444,0.4651,0.1442,0.2994,0.1119,0.1917,0.1119,0.136,0.089,0.2289,0.0863,0.368,0.1016,1
0.0792,0.2256,0.1074,0.2164,0.0869,0.1679,0.1122,0.2985,0.09,0.3648,0.1256,0.2943,0.0905,0.1769,0.1349,0.1706,0.0808,0.2035,0.0789,0.3553,0.0792,1
0.0584,0.4626,0.1307,0.2627,0.076,0.2072,0.1444,0.7632,0.1035,0.6499,0.1085,0.3117,0.0898,0.1685,0.1373,0.3735,0.037,0.2038,0.0932,0.4757,0.1185,1
0.1135,0.2013,0.1122,0.2104,0.0879,0.1742,0.1278,0.2447,0.1267,0.4614,0.1289,0.2844,0.0898,0.1551,0.1433,0.2022,0.0839,0.2053,0.094,0.3607,0.0853,1
0.0855,0.1971,0.1,0.2293,0.0855,0.1816,0.0927,0.3526,0.1251,0.4603,0.1341,0.2772,0.0982,0.1635,0.1299,0.1677,0.0866,0.203,0.089,0.4304,0.0668,1
0.0869,0.2159,0.1156,0.3099,0.0961,0.2872,0.1051,0.3202,0.128,0.5411,0.14,0.3852,0.0842,0.1674,0.1394,0.2004,0.0861,0.2431,0.0882,0.3731,0.0927,1
0.0797,0.1973,0.1285,0.2135,0.0969,0.1919,0.1175,0.2545,0.1138,0.4305,0.1502,0.2376,0.0937,0.1719,0.1391,0.1756,0.1011,0.2359,0.089,0.3628,0.0832,1
0.1022,0.3085,0.1468,0.3326,0.0911,0.4244,0.1014,0.7432,0.0776,0.8913,0.0919,0.3487,0.0908,0.2574,0.1198,0.2782,0.1006,0.6927,0.0998,0.4863,0.0977,1
0.0578,0.3153,0.0839,0.1953,0.0768,0.147,0.1003,0.2718,0.1114,0.4223,0.1165,0.3123,0.0839,0.1447,0.1296,0.1682,0.0905,0.2227,0.0813,0.3564,0.0961,1
0.0892,0.2092,0.1317,0.2069,0.1066,0.1887,0.1227,0.2364,0.127,0.4324,0.1821,0.2742,0.0771,0.1756,0.1367,0.142,0.0987,0.2222,0.0892,0.3601,0.0861,1
0.0805,0.1958,0.133,0.2035,0.1019,0.194,0.146,0.2713,0.119,0.445,0.1533,0.2552,0.0824,0.1585,0.156,0.1534,0.0919,0.2397,0.1095,0.3738,0.0863,1
0.0697,0.3042,0.0969,0.1933,0.0805,0.1499,0.1283,0.299,0.0958,0.4007,0.1223,0.2891,0.08,0.2131,0.1494,0.2078,0.0887,0.2088,0.0818,0.3435,0.0787,1
0.0834,0.2332,0.1307,0.1563,0.0924,0.2046,0.0887,0.2138,0.1109,0.4247,0.1391,0.2545,0.089,0.1767,0.123,0.1595,0.0871,0.2124,0.0961,0.3831,0.0919,1
0.0755,0.2551,0.1241,0.2154,0.0898,0.1764,0.1037,0.2388,0.123,0.4902,0.1402,0.2719,0.1101,0.1941,0.1312,0.1769,0.0929,0.2106,0.1037,0.3941,0.0863,1
0.0721,0.3058,0.0929,0.1863,0.0776,0.1418,0.0932,0.251,0.1048,0.4374,0.1189,0.2741,0.0779,0.149,0.1037,0.1626,0.0882,0.2265,0.0884,0.3585,0.0826,1
0.0734,0.2269,0.0916,0.2151,0.1,0.1744,0.1109,0.2824,0.1159,0.4054,0.1207,0.3086,0.0879,0.1753,0.1227,0.1959,0.0832,0.2423,0.0787,0.3765,0.0979,1
0.0834,0.3277,0.1367,0.2056,0.0884,0.1592,0.0948,0.2299,0.1011,0.4021,0.1769,0.2835,0.08,0.192,0.1322,0.1352,0.0977,0.2004,0.099,0.3491,0.0953,1
0.0829,0.2116,0.1217,0.2012,0.0892,0.1534,0.1425,0.3064,0.1146,0.4063,0.1291,0.2716,0.0813,0.1492,0.1346,0.165,0.0744,0.2483,0.1006,0.353,0.0818,1
0.075,0.4214,0.1074,0.1687,0.0774,0.1645,0.1647,0.3555,0.1022,0.5028,0.1064,0.2484,0.0874,0.1408,0.1278,0.1672,0.075,0.2286,0.0895,0.3905,0.0803,1
0.0813,0.1776,0.1283,0.1996,0.0816,0.1655,0.1351,0.2383,0.1288,0.5029,0.1692,0.3241,0.1072,0.1627,0.1283,0.1695,0.0969,0.2238,0.0887,0.3699,0.0961,1
0.076,0.286,0.1154,0.2334,0.0882,0.1983,0.0911,0.3041,0.1201,0.6145,0.1341,0.3547,0.0792,0.1727,0.1312,0.1978,0.0919,0.2494,0.0821,0.4739,0.1127,1
0.085,0.2047,0.1301,0.2431,0.0911,0.1777,0.127,0.2827,0.1132,0.4146,0.1653,0.2925,0.099,0.1593,0.128,0.1526,0.0816,0.2476,0.0993,0.3599,0.0905,1
0.0913,0.1693,0.1201,0.2399,0.0876,0.314,0.0979,0.9323,0.0708,0.435,0.121,0.2957,0.1095,0.183,0.1214,0.1547,0.0816,0.2035,0.0942,0.3741,0.1154,1
0.0795,0.1979,0.1256,0.2462,0.109,0.2404,0.1436,0.2439,0.1164,0.4384,0.151,0.2917,0.1132,0.1735,0.1354,0.1674,0.0903,0.2357,0.0929,0.3857,0.085,1
0.0845,0.2338,0.1309,0.1969,0.0855,0.1747,0.1019,0.3215,0.1249,0.6256,0.1732,0.3442,0.1082,0.1991,0.1233,0.1959,0.0475,0.2399,0.0908,0.4897,0.1006,1
0.0729,0.2393,0.1254,0.3416,0.0853,0.8068,0.1206,0.7183,0.066,0.8672,0.1124,0.6804,0.1,1.3723,0.184,0.5625,0.0747,0.3779,0.0866,0.6034,0.0797,1
0.0924,0.2135,0.1185,0.2304,0.0824,0.1888,0.1225,0.3138,0.1325,0.6461,0.1613,0.3719,0.0979,0.1735,0.1383,0.1756,0.0787,0.251,0.0903,0.3968,0.1011,1
0.0895,0.2087,0.1367,0.2267,0.0853,0.2049,0.1336,0.2838,0.1285,0.454,0.1853,0.3136,0.0945,0.2292,0.0956,0.1083,0.1214,0.2314,0.0874,0.3512,0.0921,1
0.0853,0.8091,0.0818,0.1729,0.0916,0.2645,0.1003,0.2832,0.1059,0.4578,0.1244,0.3466,0.1167,0.1994,0.1301,0.2217,0.0335,0.2222,0.1146,0.371,0.0884,1
0.09,0.2686,0.1198,0.2183,0.0905,0.171,0.1206,0.2781,0.1241,0.4224,0.1363,0.3271,0.0855,0.165,0.133,0.2165,0.0752,0.2232,0.0821,0.3443,0.1048,1
0.0795,0.3423,0.1127,0.2196,0.0913,0.1808,0.1132,0.3153,0.118,0.4627,0.1267,0.3824,0.0842,0.173,0.1425,0.2278,0.071,0.2238,0.0747,0.3683,0.0995,1
0.0876,0.4475,0.1288,0.3188,0.1053,0.3344,0.1304,0.636,0.1206,2.7314,0.1518,0.6989,0.1069,0.1753,0.1154,0.3627,0.0541,0.2314,0.0797,0.4306,0.0845,1
0.0863,0.2409,0.1275,0.2489,0.0921,0.2518,0.1024,0.3256,0.1114,0.7155,0.1284,0.3923,0.0837,0.1912,0.1388,0.1779,0.0718,0.238,0.0853,0.372,0.1056,1
0.0919,0.2581,0.133,0.2304,0.0919,0.2365,0.0905,0.3285,0.0932,0.5398,0.1244,0.33,0.0908,0.1986,0.1235,0.189,0.0924,0.2323,0.0789,0.3873,0.1043,1
0.0776,0.2425,0.1095,0.2148,0.1029,0.1853,0.1177,0.3119,0.0998,0.4348,0.1114,0.2822,0.0993,0.1846,0.128,0.1655,0.0987,0.2145,0.0953,0.3905,0.0916,1
0.0898,0.2489,0.1185,0.2692,0.1006,0.2529,0.1037,0.3372,0.1016,0.545,0.1378,0.6046,0.0942,0.1853,0.1204,0.1994,0.09,0.2745,0.0898,0.6154,0.1093,1
0.0562,0.1857,0.1212,0.2511,0.085,0.1571,0.0993,0.2999,0.0966,0.4495,0.1283,0.2806,0.0993,0.2733,0.0998,0.1714,0.0779,0.2465,0.0832,0.4,0.1154,1
0.0818,0.1994,0.1367,0.1821,0.1024,0.1768,0.1156,0.2212,0.1169,0.4181,0.1676,0.2558,0.0694,0.1867,0.1101,0.1112,0.0898,0.2122,0.1016,0.3633,0.0903,1
0.1188,0.3871,0.1035,0.279,0.0813,0.3122,0.104,0.8078,0.1016,0.8163,0.1394,0.3416,0.0953,0.1696,0.1201,0.1817,0.1019,0.2515,0.0887,0.4646,0.0993,1
0.0594,0.2237,0.0985,0.222,0.0829,0.2083,0.1552,0.3734,0.1014,0.4347,0.1156,0.3011,0.0795,0.173,0.1238,0.1526,0.0948,0.2133,0.0797,0.349,0.0837,1
0.0774,0.2441,0.1066,0.2552,0.0792,0.1821,0.1322,0.256,0.1185,0.4664,0.132,0.3492,0.0969,0.1915,0.1365,0.2266,0.0837,0.2544,0.0826,0.3422,0.0979,1
0.0631,1.2671,0.1362,0.3254,0.0792,0.2581,0.1293,0.5125,0.1045,0.7628,0.1325,0.4542,0.0884,0.5951,0.1787,0.2854,0.0483,1.0708,0.0634,0.5,0.0871,1
0.0555,0.3972,0.1193,0.1874,0.089,0.2215,0.0987,0.3259,0.1037,0.407,0.1125,0.3366,0.0834,0.1735,0.1156,0.1481,0.0934,0.2628,0.075,0.4881,0.1022,1
0.0834,0.8663,0.1159,0.2524,0.0858,0.2244,0.0945,0.5624,0.0905,0.5083,0.1331,0.2677,0.0929,0.1809,0.1301,0.1587,0.0821,0.2412,0.0755,0.3725,0.0863,1
0.0774,0.2164,0.137,0.222,0.0919,0.1695,0.1119,0.265,0.1085,0.4825,0.1811,0.3949,0.0927,0.1596,0.161,0.197,0.0905,0.242,0.0985,0.4195,0.1006,1
0.0816,0.2269,0.1283,0.2962,0.0911,0.1648,0.1214,0.2481,0.1201,0.4786,0.1373,0.3719,0.0876,0.155,0.1499,0.2318,0.0673,0.2388,0.089,0.3781,0.0871,1
0.0837,0.172,0.1264,0.2064,0.0789,0.1789,0.1243,0.2111,0.1198,0.4188,0.1581,0.2795,0.0929,0.1959,0.1249,0.1408,0.0839,0.2269,0.0858,0.3567,0.0874,1
0.0866,0.2396,0.1059,0.24,0.0813,0.1671,0.1008,0.3335,0.1114,0.4675,0.165,0.5809,0.0774,0.2147,0.114,0.161,0.1249,0.2495,0.0763,0.3446,0.0934,1
0.1412,0.5903,0.1468,0.2769,0.1301,0.2307,0.1336,0.2666,0.0913,0.5556,0.1346,0.3236,0.0985,0.1886,0.1481,0.1622,0.0979,0.2536,0.0779,0.3929,0.0945,1
0.075,0.2834,0.1217,0.2524,0.094,0.2389,0.1159,0.3518,0.0591,0.5094,0.1547,0.4038,0.0879,0.226,0.1818,0.2125,0.099,0.2658,0.0845,0.5623,0.1082,1
0.0871,0.2361,0.1154,0.2761,0.0853,0.1904,0.1283,0.3175,0.0934,0.535,0.1408,0.3538,0.0824,0.2166,0.1412,0.164,0.0832,0.2294,0.0826,0.4348,0.1243,1
0.0681,0.2652,0.1314,0.1966,0.0964,0.1809,0.1061,0.2768,0.1117,0.453,0.1442,0.3107,0.0829,0.2178,0.0734,0.1131,0.0396,0.285,0.0958,0.4314,0.0781,1
0.0768,0.2153,0.1103,0.2251,0.0908,0.166,0.1299,0.2983,0.1309,0.5738,0.1212,0.3439,0.09,0.1785,0.1489,0.1981,0.0805,0.227,0.1006,0.4084,0.1117,1
0.0826,0.2295,0.1069,0.2632,0.1037,0.2607,0.1473,0.3333,0.119,0.9538,0.1141,0.3817,0.0937,0.1843,0.1106,0.1542,0.0884,0.237,0.0974,0.3928,0.0953,1
0.0993,0.1647,0.1549,0.2151,0.1027,0.1737,0.1336,0.2341,0.1227,0.4263,0.1555,0.279,0.0982,0.201,0.1151,0.1371,0.0916,0.2499,0.0916,0.3612,0.0964,1
0.0887,0.1662,0.1454,0.2214,0.0887,0.1647,0.1491,0.176,0.1219,0.4218,0.1665,0.2512,0.1006,0.2567,0.1534,0.1294,0.1075,0.2466,0.0892,0.3556,0.0874,1
0.085,0.315,0.1074,0.2325,0.1032,0.1602,0.1154,0.2848,0.0824,0.4081,0.1254,0.3542,0.1072,0.1519,0.1483,0.2122,0.0898,0.2233,0.0742,0.3512,0.0842,1
0.0665,0.2245,0.1156,0.237,0.0847,0.1995,0.0742,0.3001,0.0987,0.4107,0.1167,0.3046,0.0934,0.208,0.1127,0.1682,0.0816,0.2225,0.0792,0.3564,0.0845,1
0.0758,0.3697,0.1233,0.2292,0.0876,0.1771,0.1264,0.2636,0.147,0.6722,0.1209,0.3661,0.0985,0.1949,0.1565,0.1967,0.0797,0.2415,0.0863,0.4232,0.0879,1
0.0821,0.2599,0.1056,0.259,0.0774,0.1851,0.0948,0.388,0.0824,0.4638,0.1235,0.374,0.0689,0.1888,0.1365,0.2962,0.0116,0.9294,0.0613,0.395,0.0681,1
0.0689,0.3409,0.1106,0.2331,0.0866,0.17,0.0956,0.384,0.0668,0.4438,0.1022,0.3476,0.0805,0.1917,0.114,0.2043,0.0729,0.246,0.0679,0.3615,0.0726,1
0.0763,0.2654,0.137,0.2521,0.0905,0.1861,0.1159,0.2935,0.1267,0.6131,0.135,0.3398,0.1069,0.1933,0.1267,0.184,0.0576,0.2555,0.0821,1.316,0.142,1
0.075,0.1549,0.1251,0.2112,0.0905,0.1618,0.1296,0.2642,0.1154,0.4264,0.1397,0.2938,0.0887,0.178,0.1428,0.165,0.1022,0.2386,0.0869,0.4021,0.0911,1
0.0832,0.1966,0.1143,0.199,0.1016,0.1771,0.0964,0.2716,0.1336,0.4744,0.1254,0.2666,0.0887,0.1777,0.1167,0.1413,0.0969,0.2257,0.0869,0.3486,0.0971,1
0.0911,0.2119,0.1357,0.2276,0.1167,0.2402,0.1045,0.333,0.108,0.4929,0.1333,0.302,0.1225,0.2173,0.1183,0.1632,0.1006,0.2447,0.0905,0.3545,0.1074,1
0.0715,0.4277,0.1119,0.222,0.0742,0.1724,0.1235,0.4117,0.0855,0.4018,0.1046,0.3368,0.0927,0.1883,0.1444,0.2083,0.0771,0.2824,0.0763,0.3934,0.0916,1
0.0808,0.1997,0.1111,0.2386,0.0803,0.1714,0.1452,0.2463,0.1008,0.3759,0.1431,0.259,0.0932,0.1564,0.1396,0.1882,0.1098,0.2462,0.0871,0.3498,0.1059,1
0.0969,0.1995,0.1278,0.2606,0.0847,0.1523,0.1143,0.2576,0.1222,0.5585,0.1333,0.4062,0.0948,0.1479,0.1499,0.2323,0.0919,0.2642,0.0813,0.3556,0.0964,1
0.0752,0.2546,0.114,0.2133,0.0927,0.1611,0.1011,0.3426,0.0982,0.4514,0.1434,0.3026,0.1088,0.2021,0.1299,0.1696,0.0966,0.2412,0.0958,0.4654,0.1098,1
0.0797,0.1847,0.1209,0.2421,0.0832,0.1914,0.1212,0.1993,0.1035,0.4355,0.1367,0.2642,0.0898,0.1736,0.1499,0.1621,0.0977,0.2304,0.0837,0.3739,0.0964,1
0.0642,0.2077,0.1103,0.2032,0.0758,0.1743,0.0911,0.2682,0.0987,0.4371,0.1246,0.2436,0.1177,0.2004,0.1196,0.1474,0.0908,0.2037,0.0884,0.3569,0.0784,1
0.0702,0.2116,0.108,0.2315,0.1032,0.2022,0.0985,0.2552,0.1122,0.4529,0.1355,0.3298,0.085,0.1859,0.1193,0.2006,0.0913,0.2721,0.0884,0.3456,0.0774,1
0.0789,0.1472,0.1309,0.1961,0.0966,0.1758,0.1557,0.2204,0.1161,0.4144,0.171,0.2742,0.0919,0.1725,0.1462,0.1705,0.1212,0.2534,0.0895,0.3718,0.0934,1
0.0626,0.3378,0.1212,0.2302,0.0847,0.2169,0.127,0.3371,0.1,0.4437,0.1281,0.3353,0.0966,0.1616,0.1357,0.1928,0.0731,0.2391,0.0795,0.3823,0.0816,1
0.0911,0.1892,0.1296,0.2051,0.0934,0.17,0.1333,0.2199,0.1138,0.4023,0.1503,0.248,0.0892,0.16,0.1431,0.1595,0.099,0.2341,0.0829,0.3657,0.0839,1
0.0594,0.3433,0.1011,0.1893,0.0821,0.1589,0.1222,0.3557,0.0961,0.4221,0.1256,0.3431,0.0934,0.1537,0.1489,0.1973,0.0771,0.2294,0.0737,0.89,0.0842,1
0.0766,0.2153,0.127,0.2621,0.0742,0.1647,0.1225,0.399,0.1061,0.4403,0.1582,0.2741,0.0929,0.1629,0.1436,0.1674,0.089,0.2384,0.0961,0.3852,0.1156,1
0.0713,0.242,0.1175,0.1967,0.0853,0.1508,0.1219,0.3095,0.094,0.4161,0.1168,0.2847,0.0882,0.2192,0.1072,0.1616,0.0839,0.28,0.0061,0.42,0.1111,1
0.0792,0.1646,0.1338,0.2048,0.0993,0.197,0.1233,0.2064,0.1314,0.4519,0.1439,0.2693,0.0911,0.1712,0.1507,0.1563,0.108,0.2547,0.0898,0.3678,0.0966,1
0.0676,0.1836,0.1399,0.2033,0.0869,0.1701,0.1143,0.2354,0.1066,0.3986,0.1325,0.2325,0.0887,0.169,0.1085,0.135,0.0979,0.2016,0.0871,0.3609,0.0839,1
0.0821,0.1739,0.1188,0.1996,0.0808,0.1637,0.1188,0.1974,0.1072,0.4227,0.1241,0.2236,0.0832,0.1881,0.1293,0.131,0.0971,0.1961,0.094,0.3512,0.085,1
0.0858,0.2486,0.123,0.189,0.0874,0.155,0.1048,0.2336,0.1132,0.3804,0.146,0.2643,0.0834,0.1896,0.142,0.1487,0.0876,0.2005,0.0839,0.3279,0.0855,1
0.0734,0.334,0.1135,0.1901,0.0916,0.1732,0.0927,0.2558,0.1111,0.4838,0.1669,1.0499,0.0784,0.3258,0.1135,0.2658,0.0879,0.2138,0.0821,0.3311,0.0771,1
0.0768,0.2031,0.1462,0.1914,0.1193,0.1626,0.1333,0.2782,0.1454,0.4677,0.1363,0.9902,0.0839,0.2241,0.1336,0.1545,0.0911,0.2265,0.0869,0.3325,0.0932,1
0.0953,0.1805,0.1581,0.1711,0.1119,0.1885,0.1317,0.2172,0.1283,0.4504,0.1518,0.2497,0.0974,0.2012,0.1438,0.1354,0.1095,0.2491,0.1064,0.3937,0.0861,1
0.0718,0.2675,0.0956,0.1766,0.0921,0.1396,0.1122,0.2618,0.1396,0.4865,0.1376,0.2841,0.0908,0.1643,0.1167,0.1432,0.0927,0.1998,0.0932,0.3359,0.0818,1
0.0924,0.1697,0.0993,0.2136,0.0869,0.1534,0.1016,0.204,0.1088,0.4189,0.1631,0.2795,0.1008,0.1621,0.1409,0.2505,0.0109,0.2814,0.0924,0.4116,0.0874,1
0.071,0.195,0.1219,0.2832,0.0779,0.1708,0.1101,0.2484,0.1053,0.468,0.1399,0.3355,0.0953,0.1973,0.1172,0.2798,0.0768,0.252,0.0842,0.3662,0.0829,1
0.0597,0.3386,0.0882,0.1843,0.0816,0.1743,0.1264,0.3106,0.0971,0.4964,0.1331,0.4202,0.0839,0.1853,0.113,0.2421,0.0676,0.2415,0.0768,0.567,0.1357,1
0.1051,0.2708,0.1367,0.1998,0.1003,0.1798,0.1085,0.265,0.1045,0.445,0.14,0.2831,0.1003,0.1505,0.1887,0.2035,0.0919,0.2151,0.0826,0.3857,0.0903,1
0.0763,0.158,0.1394,0.1946,0.0686,0.1676,0.1167,0.1945,0.1233,0.3844,0.1426,0.245,0.085,0.1619,0.1301,0.1217,0.0992,0.2145,0.0882,0.3055,0.089,1
0.0723,0.2403,0.1291,0.212,0.0839,0.1541,0.1151,0.2605,0.1159,0.501,0.1529,0.3105,0.0948,0.1435,0.1665,0.1985,0.0813,0.2235,0.0969,0.3987,0.0911,1
0.0961,0.461,0.1103,0.1995,0.1278,0.2075,0.123,1.005,0.1367,0.7007,0.1381,0.5456,0.0998,0.2223,0.1304,0.2862,0.0536,0.3856,0.07,0.5396,0.0826,1
0.081,0.3079,0.1003,0.2167,0.066,0.1439,0.0882,0.2761,0.0964,0.4625,0.1165,0.2941,0.0913,0.1745,0.123,0.1698,0.0813,0.2032,0.0826,0.3493,0.0784,1
0.0837,0.2718,0.1164,0.1996,0.0934,0.1787,0.1066,0.2705,0.1085,0.4263,0.1381,0.2959,0.1135,0.1875,0.1457,0.1634,0.0821,0.2423,0.0871,0.448,0.0932,1
0.0797,0.2427,0.0971,0.3824,0.0837,0.2149,0.1177,0.4045,0.0895,0.6614,0.1371,0.4493,0.1135,0.2387,0.1581,0.1959,0.095,0.2744,0.0887,0.4955,0.1103,1
0.1027,0.1892,0.1399,0.2112,0.0958,0.1816,0.1483,0.281,0.1198,0.3991,0.1751,0.2561,0.0921,0.2231,0.1729,0.1825,0.1122,0.2521,0.0942,0.3408,0.0985,1
0.075,0.323,0.0987,0.1766,0.0832,0.1476,0.0932,0.2916,0.1032,0.497,0.1149,0.3165,0.1101,0.1844,0.1272,0.179,0.0723,0.2261,0.0855,0.3569,0.0818,1
0.0842,0.2897,0.1045,0.2151,0.0855,0.1684,0.1103,0.3734,0.1183,0.7216,0.1172,0.3869,0.0871,0.1869,0.1565,0.1922,0.0905,0.257,0.0876,0.473,0.0905,1
0.0755,0.3066,0.1,0.2074,0.1183,0.1582,0.1671,0.3526,0.1045,0.4374,0.1156,0.3217,0.0903,0.1566,0.1433,0.1793,0.0734,0.2122,0.0771,0.3369,0.0921,1
0.0573,0.3161,0.118,0.2062,0.0921,0.1811,0.1085,0.2845,0.1016,0.4075,0.1304,0.2988,0.0887,0.1635,0.1225,0.1719,0.0739,0.2306,0.089,0.4108,0.0781,1
0.0808,0.2647,0.1212,0.2178,0.1169,0.2346,0.0795,0.3318,0.1415,0.4928,0.1188,0.3302,0.1035,0.2247,0.0879,0.1843,0.0826,0.2444,0.0993,0.413,0.1288,1
0.0847,0.2459,0.1161,0.2399,0.1008,0.1998,0.1056,0.3017,0.1035,0.4733,0.1336,0.3057,0.0916,0.2004,0.1328,0.1769,0.0898,0.2323,0.0731,0.4124,0.1072,1
0.0663,0.5106,0.085,0.227,0.076,0.194,0.1061,0.2942,0.0866,0.4513,0.118,0.4049,0.0787,0.144,0.1309,0.2442,0.0684,0.2539,0.0829,0.5551,0.0615,1
0.0708,0.2003,0.108,0.2566,0.0845,0.169,0.1167,0.2808,0.1101,0.4474,0.1434,0.307,0.0866,0.1337,0.1465,0.1785,0.0869,0.222,0.0676,0.3662,0.0847,1
0.0887,0.4129,0.1212,0.2017,0.0766,0.1724,0.094,0.2547,0.0948,0.3561,0.1455,0.2532,0.071,0.1371,0.137,0.1542,0.0908,0.2278,0.089,0.3618,0.0892,1
0.076,0.5105,0.0892,0.1879,0.0803,0.1856,0.0942,0.3156,0.1069,0.4606,0.0972,0.2809,0.1016,0.2007,0.1059,0.1313,0.0887,0.2188,0.0908,0.3654,0.0784,1
0.104,0.6528,0.1288,0.431,0.0977,0.2988,0.1143,0.4703,0.1066,0.7178,0.1135,0.3721,0.1082,0.2701,0.1399,0.3305,0.0803,0.4286,0.0916,0.7449,0.1388,1
0.0415,0.3275,0.0942,0.1842,0.0737,0.2497,0.0855,0.4409,0.0892,1.0081,0.1122,0.3896,0.1045,0.2091,0.0961,0.1577,0.08,0.2156,0.0774,0.4061,0.0618,1
0.0742,0.2992,0.1233,0.2347,0.08,0.1682,0.1024,0.2399,0.1061,0.7221,0.1265,0.4208,0.0795,0.2039,0.132,0.2234,0.0747,0.2299,0.0945,0.3549,0.0626,1
0.065,0.238,0.1122,0.2326,0.0816,0.1584,0.0863,0.2993,0.0869,0.4298,0.1586,0.2808,0.1249,0.2503,0.1243,0.1471,0.0895,0.237,0.0892,0.3604,0.0874,1
0.0718,0.2485,0.1074,0.195,0.0776,0.1634,0.0964,0.2909,0.0781,0.4455,0.1268,0.2786,0.0913,0.1885,0.1159,0.1482,0.0964,0.2194,0.1053,0.4044,0.0855,1
0.0739,0.2691,0.1283,0.2254,0.1008,0.199,0.1111,0.2689,0.1212,0.448,0.1299,0.274,0.0993,0.1889,0.147,0.1872,0.0985,0.2312,0.1011,0.4572,0.1214,1
0.0924,0.2383,0.1048,0.2191,0.0953,0.1924,0.1074,0.2515,0.1256,0.4746,0.1507,0.3845,0.0866,0.1762,0.1344,0.2055,0.0818,0.2876,0.0832,0.5167,0.1175,1
0.0898,0.2306,0.1122,0.2616,0.0771,0.2017,0.1085,0.5787,0.1011,0.5917,0.1547,0.3943,0.1069,0.2062,0.1219,0.1871,0.0808,0.2679,0.0784,0.3483,0.1093,1
0.0515,0.2694,0.0977,0.1993,0.0718,0.1531,0.0979,0.2929,0.075,0.3701,0.1127,0.2985,0.0847,0.1663,0.1227,0.1449,0.0898,0.2091,0.0737,0.347,0.0676,1
0.0842,0.1849,0.1481,0.2057,0.0755,0.1515,0.095,0.2103,0.1217,0.4065,0.1468,0.2661,0.0837,0.1495,0.1307,0.135,0.095,0.2056,0.0937,0.324,0.0987,1
0.0692,0.2261,0.1196,0.2724,0.0784,0.2038,0.1151,0.2389,0.1256,0.4796,0.1309,0.3423,0.0987,0.179,0.1481,0.2717,0.0333,0.2542,0.1074,0.4152,0.0861,1
0.0803,0.2766,0.1307,0.2231,0.0964,0.1975,0.1035,0.312,0.1011,0.4796,0.1183,0.3374,0.0961,0.1959,0.1351,0.1774,0.0803,0.2299,0.0755,0.3754,0.0969,1
0.0839,0.1955,0.1117,0.217,0.0919,0.2094,0.1172,0.3188,0.0779,0.5147,0.103,0.3257,0.0908,0.2118,0.1172,0.212,0.0845,0.2357,0.0771,0.443,0.0504,1
0.0937,0.1878,0.1433,0.1956,0.0987,0.1708,0.132,0.2333,0.0982,0.3769,0.1226,0.2675,0.095,0.1906,0.1209,0.1355,0.1111,0.2636,0.0813,0.3498,0.0832,1
0.0958,0.2235,0.1235,0.284,0.0876,0.2035,0.1045,0.2905,0.0636,0.6025,0.157,0.3729,0.1111,0.1777,0.165,0.197,0.1008,0.2483,0.0995,0.377,0.108,1
0.0718,0.2517,0.0869,0.1988,0.0694,0.1328,0.0995,0.2845,0.1014,0.4095,0.136,0.2965,0.0942,0.151,0.1314,0.1945,0.0755,0.2098,0.08,0.3177,0.1085,1
0.0903,0.2301,0.1262,0.2099,0.0995,0.179,0.1169,0.2504,0.1035,0.5596,0.1407,0.2919,0.1011,0.1957,0.1566,0.1497,0.0877,0.2083,0.0979,0.3833,0.0898,1
0.0697,0.2195,0.1098,0.2394,0.0734,0.2001,0.0958,0.2956,0.0958,0.4378,0.1446,0.2431,0.0832,0.1991,0.1206,0.1444,0.0985,0.245,0.0921,0.3709,0.108,1
0.0776,0.1884,0.152,0.198,0.0892,0.1594,0.1243,0.2306,0.118,0.3978,0.1331,0.2545,0.0771,0.1587,0.1531,0.1494,0.0792,0.2101,0.1264,0.358,0.0837,1
0.0948,0.1757,0.1599,0.2135,0.0987,0.2167,0.1235,0.2963,0.1249,0.4551,0.1457,0.2611,0.0792,0.1347,0.2061,0.2091,0.0993,0.2281,0.0998,0.4628,0.1003,1
0.0729,0.3167,0.0892,0.2167,0.0776,0.1745,0.0945,0.4494,0.1043,0.832,0.066,0.4221,0.0803,0.2203,0.1138,0.1542,0.0911,0.2318,0.0821,0.3549,0.0853,1
0.1146,0.2578,0.1275,0.2249,0.0919,0.227,0.127,0.3782,0.0987,0.6055,0.1333,0.3471,0.0905,0.1798,0.138,0.2209,0.0837,0.2439,0.0715,0.4733,0.1304,1
0.0768,0.2712,0.0916,0.2048,0.0887,0.1365,0.1103,0.2277,0.1169,0.4513,0.1336,0.2606,0.1032,0.173,0.1328,0.1593,0.076,0.2085,0.0971,0.3564,0.0916,1
0.1003,0.248,0.0987,0.2325,0.0853,0.2302,0.0908,0.3386,0.1101,0.7897,0.1454,0.7397,0.0789,0.3962,0.1045,0.2922,0.1035,0.2534,0.0752,0.3918,0.1059,1
0.0834,0.2142,0.1111,0.2019,0.0829,0.1579,0.1029,0.238,0.1016,0.4321,0.1273,0.2788,0.0734,0.1854,0.1468,0.1344,0.0874,0.2114,0.0755,0.3514,0.0734,1
0.0779,0.2887,0.1061,0.2088,0.0924,0.1436,0.1222,0.2913,0.0969,0.4005,0.1342,0.3229,0.0884,0.1843,0.1048,0.1561,0.0895,0.2468,0.0855,0.3604,0.0731,1
0.0795,0.85,0.1296,0.2434,0.0808,0.3294,0.0755,0.3315,0.0913,0.6083,0.1024,0.3323,0.0797,0.1603,0.1433,0.1948,0.0977,0.251,0.089,0.3847,0.1016,1
0.0929,0.2757,0.1409,0.284,0.1225,0.2793,0.1309,0.4098,0.1111,0.4957,0.0905,0.3603,0.0895,0.1912,0.1093,0.2339,0.099,0.3251,0.0631,0.5781,0.099,1
0.0874,0.5581,0.1235,0.2964,0.0665,0.1919,0.0979,0.3037,0.1027,0.5036,0.1059,0.9237,0.1048,0.3614,0.1256,0.2471,0.0692,0.2228,0.0927,0.4768,0.113,1
0.0737,0.2813,0.0871,0.198,0.0998,0.2017,0.1006,0.4167,0.0797,0.4648,0.1151,0.2555,0.0929,0.1619,0.1227,0.1903,0.0847,0.199,0.0855,0.3617,0.0924,1
0.1069,0.1884,0.1457,0.18,0.0958,0.1903,0.1275,0.2394,0.1069,0.4347,0.1574,0.2915,0.0879,0.1843,0.1441,0.1489,0.0958,0.2412,0.0982,0.3622,0.0887,1
0.0705,0.2343,0.1222,0.2376,0.0887,0.16,0.0908,0.2935,0.1114,0.6472,0.1275,0.5405,0.1101,0.1983,0.1658,1.0232,0.0913,0.2151,0.0993,0.4652,0.1109,1
0.0824,0.3491,0.1085,0.2737,0.0871,0.1819,0.123,0.223,0.1193,0.4782,0.1555,0.3474,0.0871,0.2083,0.099,0.174,0.0919,0.2508,0.0874,0.3778,0.0766,1
0.0763,0.2485,0.1011,0.189,0.113,0.1888,0.099,0.2639,0.1167,0.4567,0.1265,0.3139,0.1085,0.2004,0.1235,0.1347,0.0971,0.2591,0.0489,0.4064,0.0929,1
0.0866,0.3647,0.1027,0.2207,0.0742,0.2376,0.1098,0.4069,0.0956,0.5533,0.114,0.3557,0.094,0.1857,0.1328,0.1262,0.0911,0.2624,0.0829,0.3776,0.0818,1
0.0903,0.2963,0.1241,0.307,0.0845,0.2848,0.1022,0.3497,0.0958,0.6247,0.1056,0.3774,0.0998,0.2208,0.146,0.2025,0.1072,0.2806,0.1061,0.4971,0.1051,1
0.0784,0.258,0.1035,0.2189,0.0747,0.1729,0.1027,0.2729,0.0821,0.4264,0.1283,0.2935,0.0945,0.1959,0.1183,0.1661,0.0708,0.2178,0.0977,0.7599,0.113,1
0.095,0.4794,0.1502,0.316,0.0787,0.3381,0.1312,0.6753,0.1349,0.8525,0.1642,0.4107,0.0871,0.1877,0.1219,0.3196,0.0758,0.9561,0.0663,0.5499,0.1085,1
0.0771,0.2077,0.1109,0.2136,0.0808,0.1368,0.0961,0.2621,0.0847,0.6635,0.1275,0.3064,0.0961,0.169,0.1204,0.1748,0.0615,0.1892,0.0913,0.3973,0.1095,1
0.0705,0.2021,0.1019,0.2173,0.0855,0.1433,0.1198,0.286,0.1233,0.501,0.1117,0.4141,0.1014,0.1854,0.1161,0.1914,0.0797,0.2586,0.0919,0.372,0.0792,1
0.076,0.3546,0.1024,0.1995,0.0789,0.1497,0.1388,0.3101,0.1027,0.464,0.1317,0.3339,0.0855,0.1579,0.1291,0.188,0.0803,0.2244,0.089,0.3301,0.0874,1
0.0631,0.3945,0.114,0.1758,0.0808,0.2012,0.1307,0.3439,0.1098,0.5089,0.1397,0.3907,0.1161,0.2619,0.1552,0.2036,0.0676,0.2225,0.0747,0.3527,0.0876,1
0.0742,0.2253,0.1526,0.2574,0.0858,0.169,0.1101,0.2608,0.0995,0.5807,0.1618,0.3629,0.0861,0.1696,0.1386,0.1777,0.0744,0.2467,0.0797,0.3733,0.0758,1
0.0966,0.2206,0.1336,0.193,0.0993,0.1714,0.1014,0.2468,0.1069,0.4083,0.1512,0.252,0.1,0.174,0.147,0.156,0.1016,0.2433,0.0966,0.3599,0.0993,1
0.0639,0.2636,0.1111,0.2988,0.0679,0.2133,0.1111,0.3056,0.0913,0.9279,0.1032,0.4416,0.1069,0.2389,0.109,0.2191,0.0515,0.2652,0.0874,0.3765,0.1317,1
0.0966,0.2221,0.1016,0.327,0.075,0.1769,0.1285,0.3797,0.1072,0.5387,0.161,0.3553,0.0977,0.2147,0.1198,0.1354,0.0834,0.2694,0.0956,0.4401,0.0818,1
0.0834,0.2002,0.1227,0.1779,0.0837,0.1735,0.1074,0.238,0.1127,0.4242,0.1421,0.2775,0.0927,0.1646,0.1444,0.1666,0.0995,0.2436,0.0705,0.3667,0.0905,1
0.094,0.2203,0.1396,0.3059,0.0705,0.3355,0.0866,0.2935,0.1088,0.6414,0.145,0.4656,0.1011,0.2213,0.1209,0.1487,0.0795,0.2386,0.0787,0.3578,0.0821,1
0.0829,0.2525,0.1027,0.2547,0.0961,0.1869,0.0974,0.3681,0.0573,0.6601,0.1186,0.3728,0.0911,0.1332,0.1515,0.2753,0.0391,0.2114,0.0826,0.3749,0.0774,1
0.075,0.2124,0.1301,0.2307,0.0837,0.1803,0.1143,0.2528,0.1132,0.4466,0.1394,0.2846,0.1045,0.1603,0.1433,0.1705,0.1088,0.2151,0.1,0.3801,0.0998,1
0.066,0.2646,0.0913,0.228,0.0737,0.1796,0.1404,0.3019,0.1024,0.3973,0.1481,0.3168,0.0882,0.1746,0.1251,0.1761,0.0916,0.2542,0.0776,0.4277,0.0892,1
0.1011,0.2546,0.1285,0.2663,0.0895,0.2402,0.1143,0.3188,0.1127,0.5645,0.1003,0.3895,0.108,0.2002,0.1473,0.216,0.0903,0.2434,0.0832,0.4127,0.095,1
0.0639,0.4019,0.0995,0.1929,0.1006,0.2225,0.1161,0.28,0.1185,0.9617,0.09,0.3558,0.0758,0.1305,0.1288,0.221,0.0565,0.1932,0.0821,0.3783,0.0898,1
0.0747,0.2148,0.1441,0.2061,0.0792,0.1821,0.1095,0.3312,0.1132,0.5134,0.1541,0.275,0.0985,0.1767,0.1249,0.14,0.0921,0.243,0.0739,0.391,0.0971,1
0.0739,0.2359,0.1154,0.202,0.0795,0.1355,0.1059,0.2626,0.0987,0.4363,0.1328,0.2901,0.0708,0.1582,0.1351,0.165,0.0795,0.2215,0.0837,0.4668,0.0824,1
0.0948,0.2581,0.1214,0.26,0.0993,0.1748,0.1127,0.4726,0.0829,0.5442,0.113,0.3392,0.1051,0.1619,0.1468,0.188,0.0855,0.2188,0.0977,0.3781,0.1,1
0.0779,0.2063,0.1222,0.208,0.0776,0.1499,0.1175,0.208,0.1098,0.3991,0.136,0.2598,0.0884,0.1539,0.132,0.1724,0.1022,0.251,0.0905,0.3791,0.0715,1
0.0713,0.2261,0.1035,0.251,0.0781,0.2109,0.142,0.2766,0.1425,0.5284,0.1349,0.3803,0.0882,0.197,0.1222,0.2125,0.0837,0.2426,0.0866,0.4232,0.0937,1
0.0679,0.1985,0.0921,0.2146,0.0945,0.1861,0.1029,0.2631,0.1156,0.4371,0.1359,0.2594,0.0908,0.1957,0.1011,0.1495,0.0969,0.2212,0.0964,0.8051,0.1483,1
0.0739,0.277,0.0853,0.2046,0.0937,0.1618,0.0945,0.3956,0.1066,0.4838,0.1246,0.3006,0.0913,0.2925,0.1256,0.1536,0.0934,0.2467,0.0816,0.3343,0.0913,1
0.0752,0.2182,0.1196,0.2503,0.0879,0.1642,0.1138,0.3835,0.1098,0.5419,0.1396,0.3576,0.1095,0.1808,0.1636,0.2009,0.0879,0.2483,0.0829,0.4105,0.104,1
0.0787,0.2863,0.094,0.1977,0.0834,0.137,0.1193,0.2877,0.0964,0.4483,0.1331,0.3287,0.0974,0.1629,0.1388,0.2017,0.0686,0.2195,0.0731,0.3564,0.0839,1
0.0903,0.1464,0.1528,0.2093,0.1006,0.1677,0.1251,0.2027,0.1243,0.4072,0.127,0.2548,0.0942,0.1524,0.1391,0.1532,0.0905,0.2425,0.0974,0.3599,0.0908,1
0.0845,0.1813,0.1359,0.1921,0.0842,0.1623,0.1217,0.2069,0.1262,0.4358,0.1352,0.2701,0.0958,0.1774,0.1618,0.1449,0.1075,0.2687,0.0916,0.3865,0.0927,1
0.0549,0.4992,0.0792,0.1903,0.1109,0.1877,0.1177,0.3027,0.1088,0.4474,0.1286,0.3379,0.0985,0.1725,0.1283,0.1957,0.0821,0.2491,0.0705,0.3258,0.0937,1
0.0853,0.38,0.1457,0.2194,0.0789,0.1586,0.1204,0.2473,0.1124,0.5569,0.132,0.4838,0.0948,0.1403,0.1328,0.1688,0.0721,0.2196,0.1024,0.386,0.0966,1
0.1045,0.2583,0.119,0.2291,0.0855,0.1499,0.1415,1.1656,0.1874,1.0567,0.1067,0.3812,0.0874,0.1237,0.1621,0.2271,0.0937,0.2454,0.0752,0.41,0.0974,1
0.0684,0.2565,0.1053,0.1869,0.0803,0.254,0.0942,0.3921,0.0755,0.4205,0.0962,0.3219,0.0813,0.2265,0.1214,0.1505,0.0774,0.2597,0.0818,0.4324,0.08,1
